shared_url,id/url,text,n_views,n_likes,n_dislikes,n_favorites,n_comments,total,url_id
https://twitter.com/AmberryYt,https://www.youtube.com/watch?v=A1kOXoxgt18,the day olive was born... 1 million subscriber special | family roleplay,7271086,154907.0,4605.0,0,12352.0,14885900.0,youtube_videos_4_months_0
https://www.instagram.com/amberryphoeberry,https://www.youtube.com/watch?v=A1kOXoxgt18,the day olive was born... 1 million subscriber special | family roleplay,7271086,154907.0,4605.0,0,12352.0,14885900.0,youtube_videos_4_months_0
https://www.roblox.com/users/275424983/profile,https://www.youtube.com/watch?v=A1kOXoxgt18,the day olive was born... 1 million subscriber special | family roleplay,7271086,154907.0,4605.0,0,12352.0,14885900.0,youtube_videos_4_months_0
https://www.roblox.com/groups/3857126/Amberry-Group#!/about,https://www.youtube.com/watch?v=A1kOXoxgt18,the day olive was born... 1 million subscriber special | family roleplay,7271086,154907.0,4605.0,0,12352.0,14885900.0,youtube_videos_4_months_0
https://www.youtube.com/watch?v=4ZLluUVOnHo&list=PL8X5Cms32Pg8p3ZTRoAzm9O1_-2reKWM3,https://www.youtube.com/watch?v=A1kOXoxgt18,the day olive was born... 1 million subscriber special | family roleplay,7271086,154907.0,4605.0,0,12352.0,14885900.0,youtube_videos_4_months_0
https://www.youtube.com/watch?v=-AP5Y791RN4&list=PL8X5Cms32Pg-Y_JrcyQQx1mYjc3rU4M5n,https://www.youtube.com/watch?v=A1kOXoxgt18,the day olive was born... 1 million subscriber special | family roleplay,7271086,154907.0,4605.0,0,12352.0,14885900.0,youtube_videos_4_months_0
https://www.youtube.com/watch?v=HIShWZkr0hs&list=PL8X5Cms32Pg-38gc_a1pGroKGDQbmzZyv,https://www.youtube.com/watch?v=A1kOXoxgt18,the day olive was born... 1 million subscriber special | family roleplay,7271086,154907.0,4605.0,0,12352.0,14885900.0,youtube_videos_4_months_0
http://wwe.yt/wwenetwork,https://www.youtube.com/watch?v=oJNQm_Hu3hM,full match - wwe women‚Äôs tag team championship elimination chamber match: elimination chamber 2019,4869259,56688.0,2738.0,0,2190.0,9861750.0,youtube_videos_4_months_1
http://wwe.yt/,https://www.youtube.com/watch?v=oJNQm_Hu3hM,full match - wwe women‚Äôs tag team championship elimination chamber match: elimination chamber 2019,4869259,56688.0,2738.0,0,2190.0,9861750.0,youtube_videos_4_months_1
http://goo.gl/akf0J4,https://www.youtube.com/watch?v=oJNQm_Hu3hM,full match - wwe women‚Äôs tag team championship elimination chamber match: elimination chamber 2019,4869259,56688.0,2738.0,0,2190.0,9861750.0,youtube_videos_4_months_1
http://www.wwe.com/SonySportsNetwork,https://www.youtube.com/watch?v=oJNQm_Hu3hM,full match - wwe women‚Äôs tag team championship elimination chamber match: elimination chamber 2019,4869259,56688.0,2738.0,0,2190.0,9861750.0,youtube_videos_4_months_1
http://shop.wwe.com,https://www.youtube.com/watch?v=oJNQm_Hu3hM,full match - wwe women‚Äôs tag team championship elimination chamber match: elimination chamber 2019,4869259,56688.0,2738.0,0,2190.0,9861750.0,youtube_videos_4_months_1
https://www.youtube.com/thebellatwins,https://www.youtube.com/watch?v=oJNQm_Hu3hM,full match - wwe women‚Äôs tag team championship elimination chamber match: elimination chamber 2019,4869259,56688.0,2738.0,0,2190.0,9861750.0,youtube_videos_4_months_1
https://www.youtube.com/upupdowndown,https://www.youtube.com/watch?v=oJNQm_Hu3hM,full match - wwe women‚Äôs tag team championship elimination chamber match: elimination chamber 2019,4869259,56688.0,2738.0,0,2190.0,9861750.0,youtube_videos_4_months_1
https://www.youtube.com/wwemusic,https://www.youtube.com/watch?v=oJNQm_Hu3hM,full match - wwe women‚Äôs tag team championship elimination chamber match: elimination chamber 2019,4869259,56688.0,2738.0,0,2190.0,9861750.0,youtube_videos_4_months_1
https://www.youtube.com/wwetotaldivas,https://www.youtube.com/watch?v=oJNQm_Hu3hM,full match - wwe women‚Äôs tag team championship elimination chamber match: elimination chamber 2019,4869259,56688.0,2738.0,0,2190.0,9861750.0,youtube_videos_4_months_1
https://twitter.com/wwe,https://www.youtube.com/watch?v=oJNQm_Hu3hM,full match - wwe women‚Äôs tag team championship elimination chamber match: elimination chamber 2019,4869259,56688.0,2738.0,0,2190.0,9861750.0,youtube_videos_4_months_1
https://www.facebook.com/wwe,https://www.youtube.com/watch?v=oJNQm_Hu3hM,full match - wwe women‚Äôs tag team championship elimination chamber match: elimination chamber 2019,4869259,56688.0,2738.0,0,2190.0,9861750.0,youtube_videos_4_months_1
https://www.instagram.com/wwe/,https://www.youtube.com/watch?v=oJNQm_Hu3hM,full match - wwe women‚Äôs tag team championship elimination chamber match: elimination chamber 2019,4869259,56688.0,2738.0,0,2190.0,9861750.0,youtube_videos_4_months_1
https://www.reddit.com/user/RealWWE,https://www.youtube.com/watch?v=oJNQm_Hu3hM,full match - wwe women‚Äôs tag team championship elimination chamber match: elimination chamber 2019,4869259,56688.0,2738.0,0,2190.0,9861750.0,youtube_videos_4_months_1
https://giphy.com/wwe,https://www.youtube.com/watch?v=oJNQm_Hu3hM,full match - wwe women‚Äôs tag team championship elimination chamber match: elimination chamber 2019,4869259,56688.0,2738.0,0,2190.0,9861750.0,youtube_videos_4_months_1
https://wwe.com/afterthebell,https://www.youtube.com/watch?v=oJNQm_Hu3hM,full match - wwe women‚Äôs tag team championship elimination chamber match: elimination chamber 2019,4869259,56688.0,2738.0,0,2190.0,9861750.0,youtube_videos_4_months_1
https://wwe.com/feelthepower,https://www.youtube.com/watch?v=oJNQm_Hu3hM,full match - wwe women‚Äôs tag team championship elimination chamber match: elimination chamber 2019,4869259,56688.0,2738.0,0,2190.0,9861750.0,youtube_videos_4_months_1
https://wwe.com/uncoolwithalexa,https://www.youtube.com/watch?v=oJNQm_Hu3hM,full match - wwe women‚Äôs tag team championship elimination chamber match: elimination chamber 2019,4869259,56688.0,2738.0,0,2190.0,9861750.0,youtube_videos_4_months_1
https://www.youtube.com/channel/UCbiT0LUIbQj6CQScvWHJeKQ?sub_confirmation=1,https://www.youtube.com/watch?v=GWUMe-u9zKE,"""you saved me"" johnny depp thanks his supporters for defending him (video)",3890345,191932.0,2904.0,0,18268.0,8206898.0,youtube_videos_4_months_2
https://support.google.com/youtube/answer/1620498?hl=e,https://www.youtube.com/watch?v=GWUMe-u9zKE,"""you saved me"" johnny depp thanks his supporters for defending him (video)",3890345,191932.0,2904.0,0,18268.0,8206898.0,youtube_videos_4_months_2
,https://www.youtube.com/watch?v=T0jOgW9kSgU,amber heard ruined johnny depp #shorts,3152286,200336.0,3219.0,0,2785.0,6717252.0,youtube_videos_4_months_3
,https://www.youtube.com/watch?v=2XtaTEAt9N4,how amber heard destroyed johnny depp tiktok: charlesperalo,2734380,142425.0,3679.0,0,4820.0,5770608.0,youtube_videos_4_months_4
,https://www.youtube.com/watch?v=yANbdh_gK6c,amber heard whatsapp status full screen üî•,1834308,80587.0,2478.0,0,504.0,3835754.0,youtube_videos_4_months_5
,https://www.youtube.com/watch?v=pZR2_v4UpgI,amber heard‚Äôs lawyer exposes her for ruining johnny depp,1591019,40895.0,609.0,0,5487.0,3276020.0,youtube_videos_4_months_6
,https://www.youtube.com/watch?v=CECKjlS-7es,johnny depp & amber heard üòç | dakota johnson | hd whatsapp status | 4k #shorts,1373255,36430.0,568.0,0,240.0,2820986.0,youtube_videos_4_months_7
http://youtube.com/watch?v=LrVcWYNXZLY&list=PL2uZhEhKQPWYE07IelwFRCJn7zz5QR-fm,https://www.youtube.com/watch?v=d4v0E7kkaVQ,trolling a protest with absurd protest signs,1256929,118811.0,3255.0,0,14613.0,2787216.0,youtube_videos_4_months_8
http://patreon.com/whatever,https://www.youtube.com/watch?v=d4v0E7kkaVQ,trolling a protest with absurd protest signs,1256929,118811.0,3255.0,0,14613.0,2787216.0,youtube_videos_4_months_8
http://patreon.com/whatever,https://www.youtube.com/watch?v=d4v0E7kkaVQ,trolling a protest with absurd protest signs,1256929,118811.0,3255.0,0,14613.0,2787216.0,youtube_videos_4_months_8
http://paypal.me/pools/c/8rsO7FMRoL,https://www.youtube.com/watch?v=d4v0E7kkaVQ,trolling a protest with absurd protest signs,1256929,118811.0,3255.0,0,14613.0,2787216.0,youtube_videos_4_months_8
http://whatever.com,https://www.youtube.com/watch?v=d4v0E7kkaVQ,trolling a protest with absurd protest signs,1256929,118811.0,3255.0,0,14613.0,2787216.0,youtube_videos_4_months_8
http://facebook.com/whatever,https://www.youtube.com/watch?v=d4v0E7kkaVQ,trolling a protest with absurd protest signs,1256929,118811.0,3255.0,0,14613.0,2787216.0,youtube_videos_4_months_8
http://twitter.com/whatever,https://www.youtube.com/watch?v=d4v0E7kkaVQ,trolling a protest with absurd protest signs,1256929,118811.0,3255.0,0,14613.0,2787216.0,youtube_videos_4_months_8
http://instagram.com/whatever,https://www.youtube.com/watch?v=d4v0E7kkaVQ,trolling a protest with absurd protest signs,1256929,118811.0,3255.0,0,14613.0,2787216.0,youtube_videos_4_months_8
http://instagram.com/bd_atlas,https://www.youtube.com/watch?v=d4v0E7kkaVQ,trolling a protest with absurd protest signs,1256929,118811.0,3255.0,0,14613.0,2787216.0,youtube_videos_4_months_8
http://tiny.cc/bingewatch,https://www.youtube.com/watch?v=siGE-fVUHG4,disney apologizes to johnny depp after this...,1333325,28801.0,1124.0,0,4570.0,2735640.0,youtube_videos_4_months_9
https://youtu.be/dJe8bl_BLDE,https://www.youtube.com/watch?v=siGE-fVUHG4,disney apologizes to johnny depp after this...,1333325,28801.0,1124.0,0,4570.0,2735640.0,youtube_videos_4_months_9
https://youtu.be/WLgXd5H6Q2A,https://www.youtube.com/watch?v=siGE-fVUHG4,disney apologizes to johnny depp after this...,1333325,28801.0,1124.0,0,4570.0,2735640.0,youtube_videos_4_months_9
https://youtu.be/CYlIamQCWJ4,https://www.youtube.com/watch?v=siGE-fVUHG4,disney apologizes to johnny depp after this...,1333325,28801.0,1124.0,0,4570.0,2735640.0,youtube_videos_4_months_9
https://youtu.be/GWUMe-u9zKE,https://www.youtube.com/watch?v=siGE-fVUHG4,disney apologizes to johnny depp after this...,1333325,28801.0,1124.0,0,4570.0,2735640.0,youtube_videos_4_months_9
https://youtu.be/YG2dPHN3NsE,https://www.youtube.com/watch?v=siGE-fVUHG4,disney apologizes to johnny depp after this...,1333325,28801.0,1124.0,0,4570.0,2735640.0,youtube_videos_4_months_9
https://instagram.com/thebodylanguageguy,https://www.youtube.com/watch?v=y5p28nEjVYI,6 disturbing details of meghan and harry's relationship,1306224,50706.0,1807.0,0,6033.0,2729540.0,youtube_videos_4_months_10
https://jesusenriquerosas.com/tips,https://www.youtube.com/watch?v=y5p28nEjVYI,6 disturbing details of meghan and harry's relationship,1306224,50706.0,1807.0,0,6033.0,2729540.0,youtube_videos_4_months_10
https://www.youtube.com/watch?v=utozMdfngVk,https://www.youtube.com/watch?v=bCk2xMs6j8M,"celebrities defending johnny depp against amber heard (elon musk, jason momoa, sia, alice cooper)",1234085,25809.0,2810.0,0,2298.0,2530004.0,youtube_videos_4_months_11
https://www.youtube.com/watch?v=wOo2BFTRrL4,https://www.youtube.com/watch?v=bCk2xMs6j8M,"celebrities defending johnny depp against amber heard (elon musk, jason momoa, sia, alice cooper)",1234085,25809.0,2810.0,0,2298.0,2530004.0,youtube_videos_4_months_11
https://www.youtube.com/watch?v=pLYxM0ztStg,https://www.youtube.com/watch?v=bCk2xMs6j8M,"celebrities defending johnny depp against amber heard (elon musk, jason momoa, sia, alice cooper)",1234085,25809.0,2810.0,0,2298.0,2530004.0,youtube_videos_4_months_11
https://www.youtube.com/watch?v=PYXp9wXHUWw,https://www.youtube.com/watch?v=bCk2xMs6j8M,"celebrities defending johnny depp against amber heard (elon musk, jason momoa, sia, alice cooper)",1234085,25809.0,2810.0,0,2298.0,2530004.0,youtube_videos_4_months_11
https://bit.ly/3kzplQd,https://www.youtube.com/watch?v=bCk2xMs6j8M,"celebrities defending johnny depp against amber heard (elon musk, jason momoa, sia, alice cooper)",1234085,25809.0,2810.0,0,2298.0,2530004.0,youtube_videos_4_months_11
https://www.youtube.com/channel/UCbiT0LUIbQj6CQScvWHJeKQ?sub_confirmation=1,https://www.youtube.com/watch?v=gECq8x8b6bo,10 celebrities that defended johnny depp against amber heard,1056676,41871.0,979.0,0,3072.0,2205196.0,youtube_videos_4_months_12
https://support.google.com/youtube/answer/1620498?hl=e,https://www.youtube.com/watch?v=gECq8x8b6bo,10 celebrities that defended johnny depp against amber heard,1056676,41871.0,979.0,0,3072.0,2205196.0,youtube_videos_4_months_12
http://tiny.cc/bingewatch,https://www.youtube.com/watch?v=gEfWUbRfFR8,how amber heard destroyed her own career,997674,23389.0,464.0,0,3910.0,2050874.0,youtube_videos_4_months_13
https://youtu.be/dJe8bl_BLDE,https://www.youtube.com/watch?v=gEfWUbRfFR8,how amber heard destroyed her own career,997674,23389.0,464.0,0,3910.0,2050874.0,youtube_videos_4_months_13
https://youtu.be/-qHw0PtrdQI,https://www.youtube.com/watch?v=gEfWUbRfFR8,how amber heard destroyed her own career,997674,23389.0,464.0,0,3910.0,2050874.0,youtube_videos_4_months_13
https://youtu.be/pZR2_v4UpgI,https://www.youtube.com/watch?v=gEfWUbRfFR8,how amber heard destroyed her own career,997674,23389.0,464.0,0,3910.0,2050874.0,youtube_videos_4_months_13
https://youtu.be/QBCEXSVjBrM,https://www.youtube.com/watch?v=gEfWUbRfFR8,how amber heard destroyed her own career,997674,23389.0,464.0,0,3910.0,2050874.0,youtube_videos_4_months_13
https://www.youtube.com/crazedculture?sub_confirmation=1,https://www.youtube.com/watch?v=UvsHWTGHmts,amber heard faces 10 years in prison for accusations against johnny depp!!!,963776,24544.0,957.0,0,3865.0,1986284.0,youtube_videos_4_months_14
https://support.google.com/youtube/answer/1620498?hl=e,https://www.youtube.com/watch?v=UvsHWTGHmts,amber heard faces 10 years in prison for accusations against johnny depp!!!,963776,24544.0,957.0,0,3865.0,1986284.0,youtube_videos_4_months_14
,https://www.youtube.com/watch?v=O1Rrb3ET21c,celebrities who spoke up about amber heard's lies,929216,16907.0,395.0,0,2789.0,1898614.0,youtube_videos_4_months_15
https://www.youtube.com/crazedculture?sub_confirmation=1,https://www.youtube.com/watch?v=Bu1uOt5Tyoc,elon musk speaks against amber heard & defends johnny depp!!!,908240,11313.0,3130.0,0,2662.0,1850690.0,youtube_videos_4_months_16
https://support.google.com/youtube/answer/1620498?hl=e,https://www.youtube.com/watch?v=Bu1uOt5Tyoc,elon musk speaks against amber heard & defends johnny depp!!!,908240,11313.0,3130.0,0,2662.0,1850690.0,youtube_videos_4_months_16
https://www.youtube.com/crazedculture?sub_confirmation=1\,https://www.youtube.com/watch?v=WLgXd5H6Q2A,disney officially apologizes to johnny depp after firing him!!!,866811,34942.0,636.0,0,4801.0,1814380.0,youtube_videos_4_months_17
https://support.google.com/youtube/answer/1620498?hl=e,https://www.youtube.com/watch?v=WLgXd5H6Q2A,disney officially apologizes to johnny depp after firing him!!!,866811,34942.0,636.0,0,4801.0,1814380.0,youtube_videos_4_months_17
https://www.nickwallis.com/depp-trial-witness-statements,https://www.youtube.com/watch?v=VjBYuyHvAkQ,when a nobody acts like a legend. amber heard copying johnny depp & failing miserably (pt 1),828056,26005.0,469.0,0,1804.0,1712668.0,youtube_videos_4_months_18
https://missycrystal.medium.com/5-reasons-why-narcissists-copy-your-actions-bcf37a915525,https://www.youtube.com/watch?v=VjBYuyHvAkQ,when a nobody acts like a legend. amber heard copying johnny depp & failing miserably (pt 1),828056,26005.0,469.0,0,1804.0,1712668.0,youtube_videos_4_months_18
https://www.youtube.com/channel/UCbiT0LUIbQj6CQScvWHJeKQ?sub_confirmation=1,https://www.youtube.com/watch?v=pk4FCnbehCM,amber heard faces 10 years in prison for pocketing charity donations from johnny depp,792306,33541.0,1069.0,0,5551.0,1664934.0,youtube_videos_4_months_19
https://support.google.com/youtube/answer/1620498?hl=e,https://www.youtube.com/watch?v=pk4FCnbehCM,amber heard faces 10 years in prison for pocketing charity donations from johnny depp,792306,33541.0,1069.0,0,5551.0,1664934.0,youtube_videos_4_months_19
https://bit.ly/3qyOeOf,https://www.youtube.com/watch?v=5Ny1vJpYkgc,amber & gary get into it at the reunion | teen mom og,739991,6197.0,295.0,0,2510.0,1497986.0,youtube_videos_4_months_20
http://bit.ly/2OEM0OO,https://www.youtube.com/watch?v=5Ny1vJpYkgc,amber & gary get into it at the reunion | teen mom og,739991,6197.0,295.0,0,2510.0,1497986.0,youtube_videos_4_months_20
http://bit.ly/2YPP8er,https://www.youtube.com/watch?v=5Ny1vJpYkgc,amber & gary get into it at the reunion | teen mom og,739991,6197.0,295.0,0,2510.0,1497986.0,youtube_videos_4_months_20
http://bit.ly/2M8Mqei,https://www.youtube.com/watch?v=5Ny1vJpYkgc,amber & gary get into it at the reunion | teen mom og,739991,6197.0,295.0,0,2510.0,1497986.0,youtube_videos_4_months_20
http://bit.ly/2KmFvfq,https://www.youtube.com/watch?v=5Ny1vJpYkgc,amber & gary get into it at the reunion | teen mom og,739991,6197.0,295.0,0,2510.0,1497986.0,youtube_videos_4_months_20
https://www.youtube.com/channel/UCbiT0LUIbQj6CQScvWHJeKQ?sub_confirmation=1,https://www.youtube.com/watch?v=tybOcw3gQzc,amber heard facing 10 years in prison for fake johnny depp accusations!?,643030,24383.0,582.0,0,4046.0,1344082.0,youtube_videos_4_months_21
https://support.google.com/youtube/answer/1620498?hl=e,https://www.youtube.com/watch?v=tybOcw3gQzc,amber heard facing 10 years in prison for fake johnny depp accusations!?,643030,24383.0,582.0,0,4046.0,1344082.0,youtube_videos_4_months_21
https://www.youtube.com/channel/UC7KWleqojdeC2WzM-CFTybA/featured,https://www.youtube.com/watch?v=b3-sAQaBOoY,el asesinato de amber hagerman - documental,643835,22517.0,485.0,0,1560.0,1336794.0,youtube_videos_4_months_22
https://www.buscalibre.cl/libro-preventa-monstruos-humanos-envio-a-partir-de-30-de-junio/9789568849412/p/53348492,https://www.youtube.com/watch?v=b3-sAQaBOoY,el asesinato de amber hagerman - documental,643835,22517.0,485.0,0,1560.0,1336794.0,youtube_videos_4_months_22
https://arcanoiv.cl/producto/monstruos-humanos/,https://www.youtube.com/watch?v=b3-sAQaBOoY,el asesinato de amber hagerman - documental,643835,22517.0,485.0,0,1560.0,1336794.0,youtube_videos_4_months_22
https://arcanoiv.cl/producto/monstruos-humanos/,https://www.youtube.com/watch?v=b3-sAQaBOoY,el asesinato de amber hagerman - documental,643835,22517.0,485.0,0,1560.0,1336794.0,youtube_videos_4_months_22
https://www.buscalibre.cl/libro-preventa-monstruos-humanos-envio-a-partir-de-30-de-junio/9789568849412/p/53348492,https://www.youtube.com/watch?v=b3-sAQaBOoY,el asesinato de amber hagerman - documental,643835,22517.0,485.0,0,1560.0,1336794.0,youtube_videos_4_months_22
https://www.buscalibre.cl/libro-freakshow-cinco-historias-de-circo/9789568849344/p/53264458,https://www.youtube.com/watch?v=b3-sAQaBOoY,el asesinato de amber hagerman - documental,643835,22517.0,485.0,0,1560.0,1336794.0,youtube_videos_4_months_22
https://www.canaldelcrimen.tv/ES/,https://www.youtube.com/watch?v=b3-sAQaBOoY,el asesinato de amber hagerman - documental,643835,22517.0,485.0,0,1560.0,1336794.0,youtube_videos_4_months_22
https://bit.ly/2ut4bdk‚Äã‚Äã‚Äã,https://www.youtube.com/watch?v=b3-sAQaBOoY,el asesinato de amber hagerman - documental,643835,22517.0,485.0,0,1560.0,1336794.0,youtube_videos_4_months_22
https://www.instagram.com/alvaromatusm/,https://www.youtube.com/watch?v=b3-sAQaBOoY,el asesinato de amber hagerman - documental,643835,22517.0,485.0,0,1560.0,1336794.0,youtube_videos_4_months_22
https://www.youtube.com/watch?v=Grlao4wLRBc,https://www.youtube.com/watch?v=9AAaaZGiDo0,toute la verite sur l'affaire johnny depp - amber heard (partie 1) #givdt 39,570570,31911.0,323.0,0,1660.0,1208928.0,youtube_videos_4_months_23
https://www.youtube.com/watch?v=zxTv5CRa4bQ&list=PLs5uat2JJZlnQVv-jqog8cCSt8NAWX924,https://www.youtube.com/watch?v=9AAaaZGiDo0,toute la verite sur l'affaire johnny depp - amber heard (partie 1) #givdt 39,570570,31911.0,323.0,0,1660.0,1208928.0,youtube_videos_4_months_23
https://www.youtube.com/channel/UCg0C-N_MPYYOXyF4T3jMxNQ,https://www.youtube.com/watch?v=9AAaaZGiDo0,toute la verite sur l'affaire johnny depp - amber heard (partie 1) #givdt 39,570570,31911.0,323.0,0,1660.0,1208928.0,youtube_videos_4_months_23
https://youtu.be/XH9jY8cFHn0,https://www.youtube.com/watch?v=9AAaaZGiDo0,toute la verite sur l'affaire johnny depp - amber heard (partie 1) #givdt 39,570570,31911.0,323.0,0,1660.0,1208928.0,youtube_videos_4_months_23
https://amzn.to/3izUXqa,https://www.youtube.com/watch?v=9AAaaZGiDo0,toute la verite sur l'affaire johnny depp - amber heard (partie 1) #givdt 39,570570,31911.0,323.0,0,1660.0,1208928.0,youtube_videos_4_months_23
https://amzn.to/35ciJ3i,https://www.youtube.com/watch?v=9AAaaZGiDo0,toute la verite sur l'affaire johnny depp - amber heard (partie 1) #givdt 39,570570,31911.0,323.0,0,1660.0,1208928.0,youtube_videos_4_months_23
https://amzn.to/3xfAQBq,https://www.youtube.com/watch?v=9AAaaZGiDo0,toute la verite sur l'affaire johnny depp - amber heard (partie 1) #givdt 39,570570,31911.0,323.0,0,1660.0,1208928.0,youtube_videos_4_months_23
https://amzn.to/35961SS,https://www.youtube.com/watch?v=9AAaaZGiDo0,toute la verite sur l'affaire johnny depp - amber heard (partie 1) #givdt 39,570570,31911.0,323.0,0,1660.0,1208928.0,youtube_videos_4_months_23
https://amzn.to/3gfhqXM,https://www.youtube.com/watch?v=9AAaaZGiDo0,toute la verite sur l'affaire johnny depp - amber heard (partie 1) #givdt 39,570570,31911.0,323.0,0,1660.0,1208928.0,youtube_videos_4_months_23
https://www.youtube.com/watch?v=Z9hFGOpAFCM,https://www.youtube.com/watch?v=J--nC12W-YI,why amber feels so bad to play (gameplay design analysis),557973,26256.0,371.0,0,2945.0,1175090.0,youtube_videos_4_months_24
https://www.youtube.com/watch?v=WAzcLT4lxw4,https://www.youtube.com/watch?v=J--nC12W-YI,why amber feels so bad to play (gameplay design analysis),557973,26256.0,371.0,0,2945.0,1175090.0,youtube_videos_4_months_24
https://www.youtube.com/watch?v=1iGwVdn2_vI,https://www.youtube.com/watch?v=J--nC12W-YI,why amber feels so bad to play (gameplay design analysis),557973,26256.0,371.0,0,2945.0,1175090.0,youtube_videos_4_months_24
https://www.youtube.com/watch?v=tYBvPRI72K0,https://www.youtube.com/watch?v=J--nC12W-YI,why amber feels so bad to play (gameplay design analysis),557973,26256.0,371.0,0,2945.0,1175090.0,youtube_videos_4_months_24
https://www.youtube.com/watch?v=u-m_Q7FS91I,https://www.youtube.com/watch?v=t2YpR8W1ESc,"""please..."" ellen degeneres reacts to loosing her show!",545376,5743.0,2871.0,0,1881.0,1111742.0,youtube_videos_4_months_25
https://www.youtube.com/watch?v=PYXp9wXHUWw,https://www.youtube.com/watch?v=t2YpR8W1ESc,"""please..."" ellen degeneres reacts to loosing her show!",545376,5743.0,2871.0,0,1881.0,1111742.0,youtube_videos_4_months_25
https://www.youtube.com/watch?v=utozMdfngVk,https://www.youtube.com/watch?v=t2YpR8W1ESc,"""please..."" ellen degeneres reacts to loosing her show!",545376,5743.0,2871.0,0,1881.0,1111742.0,youtube_videos_4_months_25
https://www.youtube.com/watch?v=wOo2BFTRrL4,https://www.youtube.com/watch?v=t2YpR8W1ESc,"""please..."" ellen degeneres reacts to loosing her show!",545376,5743.0,2871.0,0,1881.0,1111742.0,youtube_videos_4_months_25
https://bit.ly/3kzplQd,https://www.youtube.com/watch?v=t2YpR8W1ESc,"""please..."" ellen degeneres reacts to loosing her show!",545376,5743.0,2871.0,0,1881.0,1111742.0,youtube_videos_4_months_25
,https://www.youtube.com/watch?v=xpADcOjZzlE,amber heard | attitude whatsapp status | amber heard birthday whatsapp status |,515779,34203.0,1168.0,0,269.0,1102838.0,youtube_videos_4_months_26
https://www.patreon.com/christinarandall,https://www.youtube.com/watch?v=H0joo-Em7P4,insane case of amber hiberling & the 25th story,434468,23089.0,307.0,0,3527.0,922782.0,youtube_videos_4_months_27
https://apple.co/2Lb54zx,https://www.youtube.com/watch?v=H0joo-Em7P4,insane case of amber hiberling & the 25th story,434468,23089.0,307.0,0,3527.0,922782.0,youtube_videos_4_months_27
https://spoti.fi/3fqid5T,https://www.youtube.com/watch?v=H0joo-Em7P4,insane case of amber hiberling & the 25th story,434468,23089.0,307.0,0,3527.0,922782.0,youtube_videos_4_months_27
https://bit.ly/3dtmsM9,https://www.youtube.com/watch?v=H0joo-Em7P4,insane case of amber hiberling & the 25th story,434468,23089.0,307.0,0,3527.0,922782.0,youtube_videos_4_months_27
https://bit.ly/2LdSWOu,https://www.youtube.com/watch?v=H0joo-Em7P4,insane case of amber hiberling & the 25th story,434468,23089.0,307.0,0,3527.0,922782.0,youtube_videos_4_months_27
https://bit.ly/2WcOd5U,https://www.youtube.com/watch?v=H0joo-Em7P4,insane case of amber hiberling & the 25th story,434468,23089.0,307.0,0,3527.0,922782.0,youtube_videos_4_months_27
https://ihr.fm/2AwGY0c,https://www.youtube.com/watch?v=H0joo-Em7P4,insane case of amber hiberling & the 25th story,434468,23089.0,307.0,0,3527.0,922782.0,youtube_videos_4_months_27
https://youtu.be/3aBTg6FTNtw,https://www.youtube.com/watch?v=H0joo-Em7P4,insane case of amber hiberling & the 25th story,434468,23089.0,307.0,0,3527.0,922782.0,youtube_videos_4_months_27
https://youtu.be/-eaIGMRr30w,https://www.youtube.com/watch?v=H0joo-Em7P4,insane case of amber hiberling & the 25th story,434468,23089.0,307.0,0,3527.0,922782.0,youtube_videos_4_months_27
https://www.youtube.com/watch?v=XO-8jKXczxo,https://www.youtube.com/watch?v=H0joo-Em7P4,insane case of amber hiberling & the 25th story,434468,23089.0,307.0,0,3527.0,922782.0,youtube_videos_4_months_27
https://youtu.be/19J8WFtpfQw,https://www.youtube.com/watch?v=H0joo-Em7P4,insane case of amber hiberling & the 25th story,434468,23089.0,307.0,0,3527.0,922782.0,youtube_videos_4_months_27
https://youtu.be/V4coAHevfyM,https://www.youtube.com/watch?v=H0joo-Em7P4,insane case of amber hiberling & the 25th story,434468,23089.0,307.0,0,3527.0,922782.0,youtube_videos_4_months_27
https://www.youtube.com/watch?v=O7ONiHZ369o,https://www.youtube.com/watch?v=H0joo-Em7P4,insane case of amber hiberling & the 25th story,434468,23089.0,307.0,0,3527.0,922782.0,youtube_videos_4_months_27
https://www.youtube.com/watch?v=rmey-qstsc8&t=1108s,https://www.youtube.com/watch?v=H0joo-Em7P4,insane case of amber hiberling & the 25th story,434468,23089.0,307.0,0,3527.0,922782.0,youtube_videos_4_months_27
https://www.youtube.com/channel/UC69I-C6ZTB1OGQaYPRkKjgg,https://www.youtube.com/watch?v=H0joo-Em7P4,insane case of amber hiberling & the 25th story,434468,23089.0,307.0,0,3527.0,922782.0,youtube_videos_4_months_27
https://www.youtube.com/channel/UCLJTYMJrbsaNpmyKFfTIsKg,https://www.youtube.com/watch?v=H0joo-Em7P4,insane case of amber hiberling & the 25th story,434468,23089.0,307.0,0,3527.0,922782.0,youtube_videos_4_months_27
https://www.instagram.com/christinaarandall/,https://www.youtube.com/watch?v=H0joo-Em7P4,insane case of amber hiberling & the 25th story,434468,23089.0,307.0,0,3527.0,922782.0,youtube_videos_4_months_27
https://www.facebook.com/ChristinaRandallOfficial/,https://www.youtube.com/watch?v=H0joo-Em7P4,insane case of amber hiberling & the 25th story,434468,23089.0,307.0,0,3527.0,922782.0,youtube_videos_4_months_27
https://www.cameo.com/christinaarandall,https://www.youtube.com/watch?v=H0joo-Em7P4,insane case of amber hiberling & the 25th story,434468,23089.0,307.0,0,3527.0,922782.0,youtube_videos_4_months_27
https://www.facebook.com/groups/500604687372383/members/,https://www.youtube.com/watch?v=H0joo-Em7P4,insane case of amber hiberling & the 25th story,434468,23089.0,307.0,0,3527.0,922782.0,youtube_videos_4_months_27
https://www.amazon.com/Broken-Fabulous-Confident-Love-Yourself-ebook/dp/B07D5G3C3N/ref=sr_1_1?s=digital-text&ie=UTF8&qid=1530991416&sr=1-1&keywords=from+broken+to+fabulous,https://www.youtube.com/watch?v=H0joo-Em7P4,insane case of amber hiberling & the 25th story,434468,23089.0,307.0,0,3527.0,922782.0,youtube_videos_4_months_27
https://www.amazon.com/gp/registry/wishlist/2IGL7T2L2ZM6M/ref=nav_wishlist_lists_1,https://www.youtube.com/watch?v=H0joo-Em7P4,insane case of amber hiberling & the 25th story,434468,23089.0,307.0,0,3527.0,922782.0,youtube_videos_4_months_27
http://www.fiverr.com/s2/212b4b7b8b,https://www.youtube.com/watch?v=H0joo-Em7P4,insane case of amber hiberling & the 25th story,434468,23089.0,307.0,0,3527.0,922782.0,youtube_videos_4_months_27
https://www.instagram.com/rahmonaz/,https://www.youtube.com/watch?v=H0joo-Em7P4,insane case of amber hiberling & the 25th story,434468,23089.0,307.0,0,3527.0,922782.0,youtube_videos_4_months_27
https://www.youtube.com/watch?v=C6IaUMAg3Dc,https://www.youtube.com/watch?v=H0joo-Em7P4,insane case of amber hiberling & the 25th story,434468,23089.0,307.0,0,3527.0,922782.0,youtube_videos_4_months_27
https://youtu.be/-XtG6GjIB3Y,https://www.youtube.com/watch?v=YAcdzMRadhQ,why people believe amber heard and meghan markle's lies - understanding the victimhood game (2021),426303,21401.0,819.0,0,2748.0,902542.0,youtube_videos_4_months_28
https://youtu.be/a1ylGHyTasc,https://www.youtube.com/watch?v=YAcdzMRadhQ,why people believe amber heard and meghan markle's lies - understanding the victimhood game (2021),426303,21401.0,819.0,0,2748.0,902542.0,youtube_videos_4_months_28
https://youtu.be/Gy5FA57W70A,https://www.youtube.com/watch?v=YAcdzMRadhQ,why people believe amber heard and meghan markle's lies - understanding the victimhood game (2021),426303,21401.0,819.0,0,2748.0,902542.0,youtube_videos_4_months_28
https://youtu.be/IiZ-VWoKHvI,https://www.youtube.com/watch?v=YAcdzMRadhQ,why people believe amber heard and meghan markle's lies - understanding the victimhood game (2021),426303,21401.0,819.0,0,2748.0,902542.0,youtube_videos_4_months_28
https://youtu.be/7AAhVg9cUo0,https://www.youtube.com/watch?v=YAcdzMRadhQ,why people believe amber heard and meghan markle's lies - understanding the victimhood game (2021),426303,21401.0,819.0,0,2748.0,902542.0,youtube_videos_4_months_28
https://youtu.be/_uKIcMDYlUY,https://www.youtube.com/watch?v=YAcdzMRadhQ,why people believe amber heard and meghan markle's lies - understanding the victimhood game (2021),426303,21401.0,819.0,0,2748.0,902542.0,youtube_videos_4_months_28
https://youtu.be/GQp9VQNNFTs,https://www.youtube.com/watch?v=YAcdzMRadhQ,why people believe amber heard and meghan markle's lies - understanding the victimhood game (2021),426303,21401.0,819.0,0,2748.0,902542.0,youtube_videos_4_months_28
https://youtu.be/vrrCfzauBx,https://www.youtube.com/watch?v=YAcdzMRadhQ,why people believe amber heard and meghan markle's lies - understanding the victimhood game (2021),426303,21401.0,819.0,0,2748.0,902542.0,youtube_videos_4_months_28
https://youtu.be/seLSzJrBig4,https://www.youtube.com/watch?v=YAcdzMRadhQ,why people believe amber heard and meghan markle's lies - understanding the victimhood game (2021),426303,21401.0,819.0,0,2748.0,902542.0,youtube_videos_4_months_28
https://amzn.to/2Ig2HNB,https://www.youtube.com/watch?v=YAcdzMRadhQ,why people believe amber heard and meghan markle's lies - understanding the victimhood game (2021),426303,21401.0,819.0,0,2748.0,902542.0,youtube_videos_4_months_28
https://amzn.to/3mZrCUL,https://www.youtube.com/watch?v=YAcdzMRadhQ,why people believe amber heard and meghan markle's lies - understanding the victimhood game (2021),426303,21401.0,819.0,0,2748.0,902542.0,youtube_videos_4_months_28
https://amzn.to/32kL46E,https://www.youtube.com/watch?v=YAcdzMRadhQ,why people believe amber heard and meghan markle's lies - understanding the victimhood game (2021),426303,21401.0,819.0,0,2748.0,902542.0,youtube_videos_4_months_28
https://amzn.to/3l0TGXk,https://www.youtube.com/watch?v=YAcdzMRadhQ,why people believe amber heard and meghan markle's lies - understanding the victimhood game (2021),426303,21401.0,819.0,0,2748.0,902542.0,youtube_videos_4_months_28
https://www.tubebuddy.com/baggageclaim,https://www.youtube.com/watch?v=YAcdzMRadhQ,why people believe amber heard and meghan markle's lies - understanding the victimhood game (2021),426303,21401.0,819.0,0,2748.0,902542.0,youtube_videos_4_months_28
https://www.apple.com/final-cut-pro/,https://www.youtube.com/watch?v=YAcdzMRadhQ,why people believe amber heard and meghan markle's lies - understanding the victimhood game (2021),426303,21401.0,819.0,0,2748.0,902542.0,youtube_videos_4_months_28
https://www.airy-youtube-downloader.com,https://www.youtube.com/watch?v=YAcdzMRadhQ,why people believe amber heard and meghan markle's lies - understanding the victimhood game (2021),426303,21401.0,819.0,0,2748.0,902542.0,youtube_videos_4_months_28
https://www.youtube.com/crazedculture?sub_confirmation=1,https://www.youtube.com/watch?v=1nLI4ahi6V4,emilia clarke speaks out on being amber heard's replacement in aquaman 2!!!,433088,11235.0,884.0,0,1888.0,894190.0,youtube_videos_4_months_29
https://support.google.com/youtube/answer/1620498?hl=e,https://www.youtube.com/watch?v=1nLI4ahi6V4,emilia clarke speaks out on being amber heard's replacement in aquaman 2!!!,433088,11235.0,884.0,0,1888.0,894190.0,youtube_videos_4_months_29
https://bit.ly/3erP2gX,https://www.youtube.com/watch?v=wapIt9JXzpc,amber ruffin recaps oprah‚Äôs prince harry and meghan markle interview,425967,15679.0,306.0,0,833.0,885570.0,youtube_videos_4_months_30
http://bit.ly/LateNightSeth,https://www.youtube.com/watch?v=wapIt9JXzpc,amber ruffin recaps oprah‚Äôs prince harry and meghan markle interview,425967,15679.0,306.0,0,833.0,885570.0,youtube_videos_4_months_30
http://www.nbc.com/late-night-with-seth-meyers/,https://www.youtube.com/watch?v=wapIt9JXzpc,amber ruffin recaps oprah‚Äôs prince harry and meghan markle interview,425967,15679.0,306.0,0,833.0,885570.0,youtube_videos_4_months_30
https://twitter.com/LateNightSeth,https://www.youtube.com/watch?v=wapIt9JXzpc,amber ruffin recaps oprah‚Äôs prince harry and meghan markle interview,425967,15679.0,306.0,0,833.0,885570.0,youtube_videos_4_months_30
https://www.facebook.com/LateNightSeth,https://www.youtube.com/watch?v=wapIt9JXzpc,amber ruffin recaps oprah‚Äôs prince harry and meghan markle interview,425967,15679.0,306.0,0,833.0,885570.0,youtube_videos_4_months_30
http://instagram.com/LateNightSeth,https://www.youtube.com/watch?v=wapIt9JXzpc,amber ruffin recaps oprah‚Äôs prince harry and meghan markle interview,425967,15679.0,306.0,0,833.0,885570.0,youtube_videos_4_months_30
http://latenightseth.tumblr.com/,https://www.youtube.com/watch?v=wapIt9JXzpc,amber ruffin recaps oprah‚Äôs prince harry and meghan markle interview,425967,15679.0,306.0,0,833.0,885570.0,youtube_videos_4_months_30
http://Facebook.com/NBC,https://www.youtube.com/watch?v=wapIt9JXzpc,amber ruffin recaps oprah‚Äôs prince harry and meghan markle interview,425967,15679.0,306.0,0,833.0,885570.0,youtube_videos_4_months_30
http://Twitter.com/NBC,https://www.youtube.com/watch?v=wapIt9JXzpc,amber ruffin recaps oprah‚Äôs prince harry and meghan markle interview,425967,15679.0,306.0,0,833.0,885570.0,youtube_videos_4_months_30
http://NBCtv.tumblr.com/,https://www.youtube.com/watch?v=wapIt9JXzpc,amber ruffin recaps oprah‚Äôs prince harry and meghan markle interview,425967,15679.0,306.0,0,833.0,885570.0,youtube_videos_4_months_30
http://www.youtube.com/nbc,https://www.youtube.com/watch?v=wapIt9JXzpc,amber ruffin recaps oprah‚Äôs prince harry and meghan markle interview,425967,15679.0,306.0,0,833.0,885570.0,youtube_videos_4_months_30
http://instagram.com/nbc,https://www.youtube.com/watch?v=wapIt9JXzpc,amber ruffin recaps oprah‚Äôs prince harry and meghan markle interview,425967,15679.0,306.0,0,833.0,885570.0,youtube_videos_4_months_30
https://youtu.be/wapIt9JXzpc,https://www.youtube.com/watch?v=wapIt9JXzpc,amber ruffin recaps oprah‚Äôs prince harry and meghan markle interview,425967,15679.0,306.0,0,833.0,885570.0,youtube_videos_4_months_30
http://www.youtube.com/user/latenightseth,https://www.youtube.com/watch?v=wapIt9JXzpc,amber ruffin recaps oprah‚Äôs prince harry and meghan markle interview,425967,15679.0,306.0,0,833.0,885570.0,youtube_videos_4_months_30
,https://www.youtube.com/watch?v=nSND_CMD-Io,ty borden may return - here is why! amber marshall (amy) knew everything before ty left heartland,433386,4711.0,278.0,0,1385.0,879520.0,youtube_videos_4_months_31
https://www.youtube.com/channel/UCbiT0LUIbQj6CQScvWHJeKQ?sub_confirmation=1,https://www.youtube.com/watch?v=8oiB_u4RDiM,"amber heard full apology video - ""this has gone too far""...!?",414537,6010.0,5401.0,0,2576.0,857048.0,youtube_videos_4_months_32
https://support.google.com/youtube/answer/1620498?hl=e,https://www.youtube.com/watch?v=8oiB_u4RDiM,"amber heard full apology video - ""this has gone too far""...!?",414537,6010.0,5401.0,0,2576.0,857048.0,youtube_videos_4_months_32
https://www.youtube.com/channel/UCbiT0LUIbQj6CQScvWHJeKQ?sub_confirmation=1,https://www.youtube.com/watch?v=B9ZaUwfDvg4,amber heard‚Äôs lawyer quits & exposes amber for ruining johnny depp!?,396094,11142.0,384.0,0,2660.0,820560.0,youtube_videos_4_months_33
https://support.google.com/youtube/answer/1620498?hl=e,https://www.youtube.com/watch?v=B9ZaUwfDvg4,amber heard‚Äôs lawyer quits & exposes amber for ruining johnny depp!?,396094,11142.0,384.0,0,2660.0,820560.0,youtube_videos_4_months_33
https://www.youtube.com/channel/UCbiT0LUIbQj6CQScvWHJeKQ?sub_confirmation=1,https://www.youtube.com/watch?v=ShObyc9vqXM,jason momoa speaks on amber heard being replaced from aquaman 2!?,374403,10020.0,2295.0,0,1942.0,777320.0,youtube_videos_4_months_34
https://support.google.com/youtube/answer/1620498?hl=e,https://www.youtube.com/watch?v=ShObyc9vqXM,jason momoa speaks on amber heard being replaced from aquaman 2!?,374403,10020.0,2295.0,0,1942.0,777320.0,youtube_videos_4_months_34
http://bit.ly/2OEM0OO,https://www.youtube.com/watch?v=yeTS2Fx6nPg,the evolution of amber | teen mom og,383338,3002.0,221.0,0,866.0,774854.0,youtube_videos_4_months_35
http://bit.ly/2YPP8er,https://www.youtube.com/watch?v=yeTS2Fx6nPg,the evolution of amber | teen mom og,383338,3002.0,221.0,0,866.0,774854.0,youtube_videos_4_months_35
http://bit.ly/2M8Mqei,https://www.youtube.com/watch?v=yeTS2Fx6nPg,the evolution of amber | teen mom og,383338,3002.0,221.0,0,866.0,774854.0,youtube_videos_4_months_35
http://bit.ly/2KmFvfq,https://www.youtube.com/watch?v=yeTS2Fx6nPg,the evolution of amber | teen mom og,383338,3002.0,221.0,0,866.0,774854.0,youtube_videos_4_months_35
,https://www.youtube.com/watch?v=VzG4rT-BDEA,amber heard psychotic in elevator james franco drug dealer #justiceforjohnnydepp sorry johnny depp,372255,4647.0,388.0,0,922.0,756424.0,youtube_videos_4_months_36
