author.name,author.created_at,author.has_verified_email,author.is_employee,author.is_mod,author.is_gold
justaduckonquack,2008-01-04 02:52:49+00:00,True,False,True,False
LostheBet,2008-01-04 02:52:49+00:00,True,False,True,False
grody10,2008-01-04 02:52:49+00:00,True,False,True,False
mtechnik23,2008-01-04 02:52:49+00:00,True,False,True,False
KMyrick,2008-01-04 02:52:49+00:00,True,False,True,False
SuperlativeSpork,2008-01-04 02:52:49+00:00,True,False,True,False
RNgv,2008-01-04 02:52:49+00:00,True,False,True,False
digichalk,2008-05-18 23:03:50+00:00,True,False,True,False
atcerny,2008-05-18 23:03:50+00:00,True,False,True,False
AUniqueUsername1996,2008-06-18 04:18:06+00:00,True,False,False,False
ScottPress,2008-06-18 04:18:06+00:00,True,False,False,False
soundsoul,2008-01-04 02:52:49+00:00,True,False,True,False
shehzad,2008-06-18 04:18:06+00:00,True,False,False,False
MrGravityPants,2008-01-10 18:08:45+00:00,True,False,False,False
writingbest9522,2008-10-13 16:30:08+00:00,True,False,False,False
gtech9,2008-10-13 16:30:08+00:00,True,False,False,False
sambarrie16,2008-10-13 16:30:08+00:00,True,False,False,False
mansonfamily,2008-10-13 16:30:08+00:00,True,False,False,False
Inrau,2008-10-13 16:30:08+00:00,True,False,False,False
AidanPryde_,2008-10-13 16:30:08+00:00,True,False,False,False
ThaisM24,2008-10-13 16:30:08+00:00,True,False,False,False
Setitie,2008-10-13 16:30:08+00:00,True,False,False,False
crackwhorebarbie,2008-10-29 05:42:32+00:00,True,False,True,False
TheChickenWhoCan,2008-10-29 05:42:32+00:00,True,False,True,False
Belviathan,2008-10-29 05:42:32+00:00,True,False,True,False
JaronK,2008-10-29 05:42:32+00:00,True,False,True,False
StephMujan,2008-10-29 05:42:32+00:00,True,False,True,False
JeezusChristIII,2008-10-29 05:42:32+00:00,True,False,True,False
Wafflekat1,2008-10-29 05:42:32+00:00,True,False,True,False
ThanksinAdvancepal,2008-10-29 05:42:32+00:00,True,False,True,False
wewewawa,2008-10-29 05:42:32+00:00,True,False,True,False
petiteaustralienne,2008-10-29 05:42:32+00:00,True,False,True,False
rusted-nail,2008-10-29 05:42:32+00:00,True,False,True,False
russiandolldiscard,2008-10-29 05:42:32+00:00,True,False,True,False
SEND-POLITICAL-NUDES,2008-10-29 05:42:32+00:00,True,False,True,False
ianrsf,2008-10-29 05:42:32+00:00,True,False,True,False
Hypx,2008-09-13 06:26:57+00:00,True,False,True,False
LaoTzusGymShoes,2008-09-13 06:26:57+00:00,True,False,True,False
LordRobin------RM,2008-09-13 06:26:57+00:00,True,False,True,False
31oN,2008-09-13 06:26:57+00:00,True,False,True,False
rumple_shitstick,2008-09-13 06:26:57+00:00,True,False,True,False
EntertainmentSuper65,2008-09-13 06:26:57+00:00,True,False,True,False
orincoro,2008-09-13 06:26:57+00:00,True,False,True,False
cisFem-Programmer,2008-09-13 06:26:57+00:00,True,False,True,False
LovelessDerivation,2008-09-13 06:26:57+00:00,True,False,True,False
government_shill,2008-09-13 06:26:57+00:00,True,False,True,False
xmassindecember,2008-09-13 06:26:57+00:00,True,False,True,False
khazar_milkers88,2008-09-13 06:26:57+00:00,True,False,True,False
superanth,2008-02-29 15:59:18+00:00,True,False,True,False
