link,count,n_users,users,n_urls
https://www.change.org/p/dc-entertainment-remove-amber-heard-from-aquaman-2,27,17,"('UCRhOnSeQrFi26ZqyhMT46Sw', 'UCy_gFHCCUKvZwxmjO8Ix7rw', 'UC7Au41WykZjH7WoxJYtg_9g', 'UCenU4SjwuM4_YQCgLjWhp6A', 'UCMr8KRoGAF3eVtgNwdzVnSw', 'UCV8qBfQSxQTEe9pTNycfklw', 'UCCi1pJHRSTQs9EWtzJ-w5vw', 'UCN1HpAcOVUV4dNfuodnvFHw', 'UC4KcJsqjm2RBMNqDOV82jmw', 'UChcut9FsXs_bZ_TzPXMdGRA', 'UCVmARDfRaQmlMBdPLQOflow', 'UCoS3o8pTWUh_Ct3Iss8zY1Q', 'UCVQVIH8uGqI82Q-ZBS4UKxA', 'UCuIkMlaY-MBz8AzERxM64Ww', 'UCh1Z5yEd6tYE8fZq9Lhz7sQ', 'UCEd4AR6KxKhdZSEGYjfMPAw', 'UCrVQl28gPcHr0zumytjR4jg')",{1}
https://www.change.org/p/dc-entertainment-remove-amber-heard-from-aquaman-2?redirect=false,25,8,"('UCU2M0iVIvIE-WDrr7Zq1UTw', 'UCdN2Cdc4yVq0n6VJAdcGgnA', 'UCf0BL-RP1Ak_xrvIhCGXTlg', 'UCunXFoVMLDr_Wav2NZOvSLQ', 'UCuJdmCzlDqp6-F6arjlmVoA', 'UCOS-GyUehPCYMa7LBWXvxow', 'UCWw-Nh0obopHcNBTvpkvZrw', 'UC96cv6qXTBZNvaRSgnvr7lg')",{1}
https://youtu.be/ZfeM6J5yGBg,19,3,"('UCZRSgYt5KzqbjArpS_jOgCA', 'UC6nQlT2QJxY2BYMl0DCsbSA', 'UCgc0aiFbbbb0Bd2RPWR-rsg')",{1}
http://chng.it/pgY9S6LDC6,16,1,"('UCrB99GDKFYDxKO9-NIqUGEA',)",{1}
https://www.change.org/p/dc-entertainment-remove-amber-heard-from-aquaman-2?recruited_by_id=fb12f490-244c-11eb-9f12-4d18c74b7bc0&utm_source=share_petition&utm_medium=copylink&utm_campaign=psf_combo_share_initial,10,6,"('UCY9WTzCWYiTG2pKavAKO28w', 'UCOS_qG2b2GgT6iCVwy5MdHg', 'UCTtxpPxtYNwRcBEJzTmgPFg', 'UC611bZqPZszvuceupSnityA', 'UCwb9VA3Ktkpl9wbDY6aH74w', 'UCUTB75xBjJ_WgfIA1hUX3TA')",{1}
https://youtu.be/aca0KWoHtqQ,8,8,"('UCIYW0DE1I7HNtupATsFw6xw', 'UCt0IAuIwMpZpUhL-9Ak-z7A', 'UCzEkalJ1aL2XNKCUa4I_ong', 'UCfbZiMaDclfH9pardXa8sAw', 'UCkr21puawMrpuJQr83-QD9Q', 'UC0EHxowNyP5_d0mHbw6YdRA', 'UCbdARiaIke1yxzzFV1q27sw', 'UCHF0v5YPamg1JNvfmkctKQg')",{1}
https://www.youtube.com/watch?v=uretrfMA-Io&ab_channel=Access,7,2,"('UCAgcXpHdda5FtSCCFD-0_VQ', 'UCLfOMBWFRxXb8ZLfjrGlkQg')",{1}
https://www.nickwallis.com/depp-trial,7,2,"{'UC0zMcGW8MNF7VJ7ynQriobw', 'UCcznsgxHHFxREHlQtQK0u7g'}",{2}
https://www.counterfeitgenie.com,7,1,{'UCq70jSlLPq5H58yzzUa4SaQ'},{7}
http://chng.it/kDLjcZR8,6,1,{'UCzPh-hVAOwz_1JaIESN7pLg'},{2}
http://chng.it/JDQLmRqM,6,1,{'UCzPh-hVAOwz_1JaIESN7pLg'},{2}
https://youtu.be/OX2l_iH6eI4,6,1,"('UCwHoxYS1r7qX-2yqTQ1Qb9w',)",{1}
www.courttv.com/news/amber-heard-witness-statements-depp-blamed-the-monster-for-physical-verbal-abuse/,6,1,{'UC0zMcGW8MNF7VJ7ynQriobw'},{2}
https://youtu.be/Lc4hf4w7QXA,5,4,"('UCS4xPuN-Mw-rDK93gjVY31A', 'UC6MJcu_jSChQK9Dv-I3XrAw', 'UCLLHqyIr2ZTSvQEIbC6htCg', 'UCc2QwafM_mQcWJwaDvJqq-w')",{1}
https://youtu.be/1cDD19jV3KU,5,1,"('UCMh2VCRmTALQAZ-y4UtH3IA',)",{1}
https://www.bitchute.com/channel/a3WbPaAzRKWN/,4,1,{'UC8AGq7bm-x4teGcvQonvnPw'},"{8, 7}"
https://www.youtube.com/channel/UCt4dtZ67qO3xWQSImQjRnJA,4,1,{'UC8AGq7bm-x4teGcvQonvnPw'},"{8, 7}"
https://www.change.org/p/dc-entertainment-remove-amber-heard-from-aquaman-2?recruiter=1104861260&utm_source=share_petition&utm_medium=copylink&utm_campaign=share_petition,4,1,"('UCe6rIM71EUT8WmXKEIAUqqg',)",{1}
https://www.change.org/p/dc-entertainment-remove-amber-heard-from-aquaman-2?recruiter=1170350854&utm_source=share_petition&utm_medium=copylink&utm_campaign=share_petition&utm_term=psf_combo_share_initial,4,1,"('UCC3d9rkc6S8h37GJAWnQZHA',)",{1}
https://www.subscribestar.com/nerdettesnewsstand,4,1,{'UC8AGq7bm-x4teGcvQonvnPw'},"{8, 7}"
https://www.patreon.com/user?u=21542407,4,1,{'UC8AGq7bm-x4teGcvQonvnPw'},"{8, 7}"
https://www.youtube.com/channel/UC8AGq7bm-x4teGcvQonvnPw/join,4,1,{'UC8AGq7bm-x4teGcvQonvnPw'},"{8, 7}"
http://chng.it/fvyHdVw98f,4,1,"('UCNR6XTV4NQoUfWCNV-uxcHA',)",{1}
https://youtu.be/gHS-9N2i0pg,4,1,"('UClrYJjps-t8Ob9UPh4Wwwrw',)",{1}
https://referral.rumble.com/dszVtP5hNXYLXqL89,4,1,{'UC8AGq7bm-x4teGcvQonvnPw'},"{8, 7}"
https://lbry.tv/@NerdettesNewsStand:7,4,1,{'UC8AGq7bm-x4teGcvQonvnPw'},"{8, 7}"
https://www.youtube.com/watch?v=bYH992ynhdU,4,3,"('UCqZSPgpBIuPts0yLhH3rF8g', 'UCWLCjMbRplaEiz5JqMe1R3g', 'UC58eGQ9iVVd7l2DgcCQDe9A')",{1}
https://www.change.org/p/dc-entertainment-remove-amber-heard-from-aquaman-2/w,3,2,"('UCNYPRwL1eggT739HEdDK2cw', 'UCTZOsHIuEnnfrMRtIFacXrg')",{1}
https://youtu.be/QQUgzIh9vsw,3,1,"('UCOMOCu5P4WzjuEHs6zOFwlw',)",{1}
https://www.youtube.com/watch?v=aca0KWoHtqQ,3,3,"('UCruqv7QxH3DzFsy1FXH7UlQ', 'UC4KF1uzK2iUxN46wsm-10ew', 'UCcahqda_iIZwQ9At6P5RorQ')",{1}
https://www.youtube.com/results?search_query=%23removeamberheardfromloreal,3,1,"('UCv8VdgFZyS5k5toqB8zZeVg',)",{1}
https://youtu.be/uretrfMA-Io,3,2,"('UCcIPd1hfko72WN28Wvgrx-Q', 'UCttxnvCCPG1raKR1gxiwT5A')",{1}
https://youtu.be/Yktgx3BsoD4,3,1,"('UC-dpjwZhIpJY6JR8ghCnOkA',)",{1}
http://chng.it/L9wDXGN6X7,3,1,"('UCe6rIM71EUT8WmXKEIAUqqg',)",{1}
https://www.sausageroll.com.au/lifestyle/celebrities/exposed-the-sun-libel-trial-judges-son-works-for-rupert-murdoch/,3,1,"('UCl40ztnwVIrtnkIiokKk47A',)",{1}
http://chng.it/zYbJYWgLfK,3,1,"('UCB09LrceJdIicBVjdQzPKqg',)",{1}
https://www.youtube.com/watch?v=TOqDdQmuypw,3,1,"('UCQPMry482X0B62FWd-Slu1w',)",{1}
https://youtu.be/nsrt537wd8s,2,1,"('UCxI_Us_PF9RI2MXFCiRk7ww',)",{1}
https://youtu.be/Cg9SvQSMnoE,2,2,"('UCWHO1x4SEdsHXFywp1Byqeg', 'UCkZHxv02pO_Gsvlt0c5ST2Q')",{1}
https://youtu.be/CwOazMolKTU,2,1,"('UCfoRkyprE1dYzyH3Xwz_8Rg',)",{1}
https://9gag.com/gag/aNgyDD6?ref=android,2,2,"('UCC8igFj14rIu3xxki8k7eJw', 'UCc1ml98zB0_Omv22X8Nx5ng')",{1}
playmovieoncinemax.blogspot.com/tt0974015/wia.html,2,1,"('UCBRbVUEbTTxHT9LH-z6AHww',)",{1}
https://youtu.be/KCy4_wrm63E,2,1,"('UC58eGQ9iVVd7l2DgcCQDe9A',)",{1}
https://teespring.com/buy-not-a-bot?pid=791&cid=103529,2,1,"('UCYSu1dCvLlfLdJCvv8aSuHg',)",{1}
https://www.dailymail.co.uk/news/article-7947733/Amber-Heard-admits-hitting-ex-husband-Johnny-Depp-pelting-pots-pans-tape.html,2,2,"('UCf4idW4LaiU2g5uy8ezPNWA', 'UCSYNedvSfQ8zFt8Dhc54mhA')",{1}
https://www.youtube.com/watch?v=Cg9SvQSMnoE,2,2,"{'UCIP-rwRT-neNzaML_kgWhKQ', 'UCYO8A5t7Rbp5V7MLVXCcSJQ'}","{9, 3}"
https://youtu.be/8TZ5DdqUVFA,2,1,"('UCTNJq7v7u9rSCXYw-xRz2Tw',)",{1}
http://miniurl.es/quickdates7hotladyy/,2,2,"('UCts5Rz4J3yZz5H1qEdy6MZg', 'UCiZAvjcfbRP8njy0He4DscA')",{1}
https://www.youtube.com/channel/UCg0C-N_MPYYOXyF4T3jMxNQ,2,2,"{'UClIepWCHx7IXixG2TY5PKJw', 'UCA48iKLTqY_BZpQ6Uk5bjGg'}","{3, 12}"
https://youtu.be/V9O94UTDAJQ,2,1,"('UC8tIelLLKTad0hJfoyvFMMg',)",{1}
http://chng.it/gQGP7hzBjb,2,1,"('UCLNoFZAgw7Iiwk6WNM5zrVA',)",{1}
http://chng.it/SNKFVFKzVv,2,1,"('UCSPshkIMIZqgYGcxCQ9kvUQ',)",{1}
https://www.theguardian.com/film/2020/dec/08/johny-depp-applies-to-court-of-appeal-over-wife-beater-ruling,2,2,"('UCNcIOj7Mnq70nHXWcdGJrUA', 'UC6c2HgABDbDApPnEysL109g')",{1}
https://www.change.org/p/dc-entertainment-remove-amber-heard-from-aquaman-2,2,2,"{'UCYO8A5t7Rbp5V7MLVXCcSJQ', 'UC8mnOWFP5iZDdHf1n6v-Piw'}","{9, 2}"
http://chng.it/NgCC6bLnR7,2,1,"('UCpz_H4IJ9OxsvzyFxWcPRvA',)",{1}
https://youtu.be/1CzGRg_htjo,2,1,{'UC58eGQ9iVVd7l2DgcCQDe9A'},{2}
https://www.change.org/p/ministry-of-justice-grant-johnny-depp-his-appeal,2,1,"('UC0zMcGW8MNF7VJ7ynQriobw',)",{1}
https://youtu.be/LxwtFHbiGbE,2,1,"('UCRmbrLlY98EpLUwhl1NTzeQ',)",{1}
https://www.youtube.com/watch?v=0q_VOaSGpWA&list=PLB9ACxuvvt3VUz1ecpmb8h0EIPxLIW40J,2,1,"('UCczPYXFAjzWgajJCw296PmQ',)",{1}
http://chng.it/wnJQqsdvwV,2,1,"('UCUhP0i9hE4EVTg5rUKOFoxQ',)",{1}
https://www.change.org/p/dc-entertainment-remove-amber-heard-from-aquaman-2?signed=true,2,2,"('UCEuQ0RtJP9rzkiHdQm3PUyA', 'UC8yRldO3sOhpILIPHeiLLtg')",{1}
http://chng.it/7NHt9NTppj,2,1,"('UCTL5F2vDgqzUgyiFNZ8OM8A',)",{1}
https://youtu.be/ELxVhdbHr7I,2,1,"('UCqZVmS968xlGbdHCIw9e9ew',)",{1}
https://www.theguardian.com/film/2020/jul/15/amber-heard-antagoniser-rows-with-johnny-depp-court-told,2,1,"('UCd17d9chKm1EM67XKefrJfA',)",{1}
https://youtu.be/l9nnb5znggg,2,1,"('UCHtrgiht-tbm2_HFjg-OBxg',)",{1}
http://chng.it/QVWDqD8mRW,2,1,"('UC-lRHr9yc5SioxZ6YXF-l5A',)",{1}
https://youtu.be/6hA_iz5tmJs,2,2,"('UCqZVmS968xlGbdHCIw9e9ew', 'UCIInOGVecCYToNJgNZv_Zow')",{1}
https://youtu.be/h-wpBkiMKd0,2,2,"('UCel6pO8AjUvWrdnSOYxo7qw', 'UCOTwLtr-T8-L4ke-bieD-lw')",{1}
https://youtu.be/OLpeX4RRo28,2,2,"('UCgubVvGkaim-290sTK1ZI8Q', 'UCxz4QoiE-dH_yrClXBwqBsg')",{1}
https://youtu.be/XiuUzvZMyro,2,2,"('UCsSZWeFGHbBoBHOMqJ1a-Bg', 'UCdKD1uyz97inBftgUirE8Dg')",{1}
https://www.at-angys.de/jd/survey.html,2,2,"('UCHnNKBkm_BlTwsH5gkfpnxQ', 'UCU36Lq8_wHvSPUrlqJFXhzg')",{1}
https://youtu.be/hzUpkG_8Z2A,2,2,"('UCs8JRxFrGxO79efBtr5EMzw', 'UCKql28dUvlBtrotqu6JnzDA')",{1}
movincinemax.blogspot.com/tt0974015/mvx.html,2,2,"('UC0rT0tYzqOQR7EYhDYOOVYg', 'UCXdxyuVbY3ZiAlwkjVTfdYA')",{1}
https://youtu.be/1MaDAW0jRYM,2,2,"('UCjJJtH8pYe4XqGPCmsrFaJA', 'UCr9u_VXM0mIw_962Bb66VIw')",{1}
winamovie.blogspot.com/tt0974015/wnv.html,2,2,"('UCRlNy6LPJcRHbSGErZS5OnQ', 'UCXdxyuVbY3ZiAlwkjVTfdYA')",{1}
https://platinum-movies-hd.blogspot.com/tt0974015/watchnow.html,2,2,"('UCVe1grakXRV7jTvQoUYjfPQ', 'UChQZx7NTQbsvNVsbVotud4w')",{1}
https://www.usatoday.com/story/life/movies/2016/06/07/amber-heard-arrested-2009-charge-hitting-girlfriend/85563338/,2,2,"('UCDfWXMmhVkKLGUR9fwP4agw', 'UCCMy8DgIFgh_hsPNg-Kn4uQ')",{1}
https://youtu.be/G6nVh6MDwog,2,1,"('UCdLqQlpe7ADAhkVgrnvcREQ',)",{1}
https://youtu.be/FT8sVzWdZEE,1,1,"('UCYlIv1bdzxsA0_-KfkflmDg',)",{1}
http://chng.it/sZzcLjPDjt,1,1,"('UCCxc2zLnjw9aCxToc-azQBg',)",{1}
https://youtu.be/hQFFm_X2lps,1,1,"('UCN1HpAcOVUV4dNfuodnvFHw',)",{1}
https://www.change.org/p/dc-entertainment-remove-amber-heard-from-aquaman-2?recruiter=921925340&utm_source=share_petition&utm_medium=copylink&utm_campaign=share_petition,1,1,"('UCIdjemb7ZOPKshxwVkl7SZA',)",{1}
https://youtu.be/5UV1e6D9Xe0,1,1,"('UCYlIv1bdzxsA0_-KfkflmDg',)",{1}
https://www.youtube.com/watch?v=NCZUqJc-jhU,1,1,"('UCwzfzI8ws52tWcn2QHoS_qw',)",{1}
https://youtu.be/CWtS7jyhl-0,1,1,"('UCUAiyTqvNr9Et_kFRADWjgA',)",{1}
https://www.google.com/amp/s/www.dailymail.co.uk/news/article-7947733/amp/Amber-Heard-admits-hitting-ex-husband-Johnny-Depp-pelting-pots-pans-tape.html,1,1,"('UCadoq346fsq5Ml7xa5PE_-g',)",{1}
http://chng.it/52JDjXkrxX,1,1,"('UC24TNpU_HWg-l97YMPdXuuA',)",{1}
dis.gd/threads,1,1,"('UCzLh1mfl4eB2CsSBepI4u7Q',)",{1}
https://www.youtube.com/watch?v=SG1xqiVzNNI,1,1,"('UCa_IfMGOOgPvpvVPmGINh-w',)",{1}
https://youtu.be/bqyLJ-fWbSI,1,1,"('UCo6QG_jXf0RO-q6MSkZducw',)",{1}
https://www.change.org/p/dc-entertainment-remove-amber-heard-from-aquaman-2/sign,1,1,"('UCON6f0UhUNVCIxq-hZFJuYg',)",{1}
https://www.change.org/su/p/dc-entertainment-remove-amber-heard-from-aquaman-2/f,1,1,"('UCeVoCETuc7Y6aXAP0ZRst1Q',)",{1}
https://youtu.be/AiTpsdMnQkY,1,1,"('UCQI9h7VAk780aKyQ__VamcQ',)",{1}
https://www.youtube.com/watch?v=V7lg69VFSY8,1,1,"('UCptnrayULMYR6VCJyVzteig',)",{1}
https://youtu.be/vyBdmnRcslY,1,1,"('UCEYoUuF5ZPEQgALPl5mblSw',)",{1}
https://youtu.be/33N6LS4DLT0,1,1,"('UCXP2pzkg8FjL7rT7TcMpGDw',)",{1}
https://at-angys.de/jd/survey.html,1,1,"('UCYBRKOZE8-503ZBDcpU9NRg',)",{1}
https://youtu.be/gRcj6CAhe7s,1,1,"('UCgz3uLVAMbIERSsobfFPQ3Q',)",{1}
https://youtu.be/cKlKYsvM0yI,1,1,"('UCsqP_QoZTV3CJJClKL9D3MQ',)",{1}
https://youtube.com/c/lostbeyondpluto,1,1,"('UCqZVmS968xlGbdHCIw9e9ew',)",{1}
https://www.youtube.com/watch?v=GXMAQ59a-ss,1,1,"('UCeIHQFVdYtTSCITQ4lVBp1g',)",{1}
https://youtu.be/PTd76AMJnvs,1,1,"('UCo3jvnH45d7LniKZDTt8h2Q',)",{1}
https://youtu.be/3StVX15SkkE,1,1,"('UC8-7WUSzmxj-ObbqdcAosyw',)",{1}
https://www.change.org/p/dc-entertainment-remove-amber-heard-from-aquaman-2/,1,1,"('UCl3eZdZpOyXw2WBdTkl4fWw',)",{1}
https://youtu.be/_gNG40KRWIM,1,1,"('UCB7khbG3lGWAdGQuH4HHYdg',)",{1}
https://youtu.be/lSNZfVhHVQ0,1,1,"('UCQs3d-4eIi_S8q1mVIpuXrA',)",{1}
https://www.google.com/amp/s/www.wikihow.com/Tie-a-Hangman%2527s-Noose%3famp=1,1,1,"('UCTMInJYZGrs6AAUhIwhXpMg',)",{1}
https://youtu.be/RAkSkMRwPYs,1,1,"('UCVvWZ-JXVHcrGivzW-X633g',)",{1}
https://youtu.be/KWHrGQpIWP4,1,1,"('UCrAZQB0YoMvDeI_bOEAkJQg',)",{1}
https://www.medicaldaily.com/domestic-violence-against-men-women-more-likely-be-intimate-terrorists-controlling-behavior-290662?fbclid=IwAR1VC-VK_VyEMlAFcUF7AZ2NDR6B4SN7Gs7BeEqe4pYT80eGYf4SRJ9uhwU,1,1,"('UCXP2pzkg8FjL7rT7TcMpGDw',)",{1}
https://vk.com/bashnya_exe,1,1,"('UCNulYdzI9GeHzhAwcg7uJKw',)",{1}
https://youtu.be/Z2D1hEo30YM,1,1,"('UCsiPfMKl69dbrOhzKX2Qm7w',)",{1}
https://pikabu.ru/story/bombardirovka_kommentariev_7913630,1,1,"('UCp0fExbBRNe2DCu-khwGgWA',)",{1}
https://www.reddit.com/r/memes/comments/kj2ioo/just_spreading_the_word/?utm_source=share&utm_medium=web2x&context=3,1,1,"('UCW76HCo5Vm5yu1ByCftiQdA',)",{1}
https://www.google.com/amp/s/www.dailymail.co.uk/news/article-7966723/amp/Amber-Heard-ridicules-Johnny-Depp-claiming-hes-domestic-violence-victim.html,1,1,"('UCzulVPgnoY549zxOzoymQtQ',)",{1}
https://youtu.be/LDCmaO-hiGw,1,1,"('UCCHqFSf2Sko8zTFraAK2_bA',)",{1}
https://youtu.be/p5CjmHLUQQI,1,1,"('UC2Xv-70Cgit3AJ3W3bYFTCw',)",{1}
https://www.youtube.com/watch?v=C65oaIHsdYM,1,1,"('UCz0cVtuEOx0XNODOTKh-3Dg',)",{1}
https://youtu.be/qIXxO7Of_Ow,1,1,"('UCIK12q5E29ibiH9ug7M5Meg',)",{1}
https://youtu.be/ajWdkuvrT6s,1,1,{'UCJe-CRMfqyJhrAQN2GGE1OA'},{5}
https://www.youtube.com/watch?v=Toy_cgz77vc,1,1,"('UCNeSI6GTI18--8OxhWw3ORw',)",{1}
https://youtu.be/4r8UJv97GjM,1,1,"('UCgBftldOOIztgaR-cfHYe2Q',)",{1}
https://youtu.be/FIaH83l0QAg,1,1,"('UChFHiaEAVo2TNoLBMrDmgiQ',)",{1}
https://youtube.com/watch?v=Ctv46jEBORo&feature=sharedhhh,1,1,"('UCEb2AfmlLwzzZDgKg3Nh1Vw',)",{1}
https://youtu.be/J5LlvnNk9BA,1,1,"('UCXx074HzS7PKGQYj5FSeyyQ',)",{1}
https://youtu.be/pO5Z-Ma8HAQ,1,1,"('UCOMOCu5P4WzjuEHs6zOFwlw',)",{1}
https://youtu.be/myJDBos5Vyw,1,1,"('UCi5CeXEWZUWDxqkvl7Li99Q',)",{1}
Levoiwww.youtube.com/watch?v=JSbGGiSe3S8,1,1,"('UCTg3c9rRN12Bj33sY5OK8Tw',)",{1}
https://youtu.be/QbhvVLIz2B0,1,1,"('UCW_4W-LDGiq9BliCZ267DrQ',)",{1}
https://youtu.be/2pCRBBrGWho,1,1,"('UCETSsBNsnx6GgKZW6kkTAdw',)",{1}
https://www.youtube.com/watch?v=l2eO4AmgT9k&t=17s,1,1,"('UCEZsynmLsnufIXF_n42SDkA',)",{1}
https://www.youtube.com/watch?v=YivS2yJZ_nk,1,1,"('UCp4cu85vldOT6lWUsna41FA',)",{1}
https://youtu.be/bjVX0ow1rSg,1,1,"('UC2W0ZMOHL2vU-rtWTGl6rUg',)",{1}
https://www.youtube.com/watch?v=COT8RlvTuww,1,1,"('UCayGBc_8Pk1rBS8IVMYoYzg',)",{1}
https://youtu.be/S1dwtwmcUTg,1,1,"('UCSYOu862VJwoZPFGnxZqw_A',)",{1}
https://youtu.be/AsHKe7fE3bY,1,1,"('UCdtJ8EZ53vLQbIDl7eAUErA',)",{1}
https://t.co/yFhEQu0Xtr?amp=1,1,1,"('UCfbZiMaDclfH9pardXa8sAw',)",{1}
https://youtu.be/xrg-RgF5F8o,1,1,"('UCEMfQ2rPeboB7q9vSRfNowg',)",{1}
https://www.youtube.com/watch?v=aca0KWoHtqQ&t=48m17s,1,1,"('UC4qrw-dmyQBc7BXIQ3RUlDA',)",{1}
https://www.change.org/p/dc-entertainment-remove-amber-heard-from-aquaman-2?recruiter=1006779994&utm_source=share_petition&utm_medium=copylink&utm_campaign=share_petition,1,1,"('UCOyr3lyHpiuQoYFTlrTswvw',)",{1}
https://www.reddit.com/r/memes/comments/khmmgg/reddit_assemble/,1,1,"('UCdA1LnrQsvtKo1Zq65IxwvA',)",{1}
https://youtu.be/aVOLXLDYpNU,1,1,"('UCElYhIZcQfen0ohDHiYab5g',)",{1}
https://www.youtube.com/watch?v=xQO4Xi9w2uI&ab_channel=shiezoli,1,1,"('UC8sgDfcNIP5iZ6xRUwoa2-g',)",{1}
https://youtu.be/LKMTHdQ4iQs,1,1,"('UC83maURVt2najdfTMJWHy7A',)",{1}
https://www.news.com.au/entertainment/celebrity-life/amber-heard-admits-hitting-exhusband-johnny-depp-in-explosive-audio-confession/news-story/46adc1ea93740088adf3ff9e0410b590,1,1,"('UCd6cPabIW82quRirmlPc-_Q',)",{1}
https://youtu.be/MjGTPyTDVPI,1,1,"('UCkZYbHbym_LBYUbsveH69sg',)",{1}
https://youtu.be/8Tgi-j56ueU,1,1,"('UCjqLX_HsQaw_ug4UXu5P_6g',)",{1}
https://youtu.be/xFOFlPAaxOc,1,1,"('UC7pXM9iwUBU1SIe5n76Rucg',)",{1}
https://youtu.be/ZrujwmEit8A,1,1,"('UCAWGY0196rmdL10Yu14w7cQ',)",{1}
https://www.businessinsider.com/11-signs-someone-is-lying-2014-4#7-they-tend-to-instinctively-cover-vulnerable-body-parts-7,1,1,"('UCjft2PYF7s8Z-U4U-W7x_5A',)",{1}
https://www.youtube.com/watch?v=Qw9L6zYkuMU,1,1,"('UC3qpizjLYcE04k7KbpQ3UMQ',)",{1}
https://www.youtube.com/watch?v=Cg9SvQSMnoE,1,1,"('UC1wY_TWHHqqNagBBw5u2zgg',)",{1}
https://www.change.org/p/dc-entertainment-remove-amber-heard-from-aquaman-2?recruiter=67359061&utm_source=share_petition&utm_medium=copylink&utm_campaign=share_petition&utm_term=psf_combo_share_initial,1,1,"('UCaEVjV28T2wtBnG6boisZYA',)",{1}
https://youtu.be/yvs15lnxqPk,1,1,"('UCgx9zRrUmA5cCJgpGHoPxhg',)",{1}
https://youtu.be/Qw9L6zYkuMU,1,1,"('UCrvA4cZkpHJ1sU_kO0DjZHw',)",{1}
https://siliconelovers.com/collections/wm-dolls/products/wm-156cm-h-cup-cherry-baby,1,1,"('UCdpGep6u6IglJRzMa0FZarQ',)",{1}
https://youtu.be/YXLIPdVVrxA,1,1,"('UCHo8gSTWkDJptzpvk2LLzvA',)",{1}
https://youtu.be/JOP9nmzKDww,1,1,"('UCqoMDgrBd_xnuWYGSiMS5mg',)",{1}
https://www.youtube.com/watch?v=OLpeX4RRo28&list=PLz1RghP-zgs4-rHFYe6MRTpUQ4sUSklix&index=2,1,1,"('UCJsKeDW00GqccOlj2wT4JzA',)",{1}
https://www.dailymail.co.uk/news/article-7966723/Amber-Heard-ridicules-Johnny-Depp-claiming-hes-domestic-violence-victim.html,1,1,"('UCJWOC_KiWqQdrSSlbgeOWvA',)",{1}
https://www.youtube.com/watch?v=Lc4hf4w7QXA,1,1,"('UCM4Tm0cIUPhNIzd0W6bhBNA',)",{1}
https://youtu.be/C42pt8fXIuw,1,1,"('UCW2l5ttdsiYss8mDKgd_Ufw',)",{1}
https://youtu.be/wcinzmfZeCc,1,1,"('UCYonRl8t9d9mr0b7s8qwYlA',)",{1}
https://www.youtube.com/channel/UCP9C5mrOcBsvFJt9VvOwoSQ,1,1,"('UCba7gaWfP4u-093io-hAfdQ',)",{1}
https://youtu.be/fVpEj-FSxKg,1,1,"('UCptGcTc7vcg94E8f05wgTUg',)",{1}
https://youtu.be/mR9pin2ii9I,1,1,"('UC8pPLiAEm3hA2n1eBgbv6xQ',)",{1}
https://www.forbes.com/sites/jeetendrsehdev/2020/11/09/heres-why-dior-needs-to-ditch-brand-ambassador-johnny-depp/amp/#click=https://t.co/ZM7frDtLXl,1,1,"('UCHzdz96JCRP1ekyaA-swVwg',)",{1}
https://black-movies.xyz/movie/464052/wonder-woman-1984.html,1,1,"('UCLoEOgr64fbiPPEy1J_MRdA',)",{1}
https://www.thegeekbuzz.com/the-basement/dceu-actors-under-gag-order-regarding-amber-heard-and-johnny-depp-ordeal/,1,1,{'UCfupACwUQmP2H6pDehATVXA'},{6}
https://youtu.be/5NXtIUv5i2w,1,1,{'UCJe-CRMfqyJhrAQN2GGE1OA'},{5}
https://amzn.to/2ElKLzF,1,1,{'UCzGiDDKdphJ0GFvEd82WfYQ'},{29}
https://amzn.to/34ru0h1,1,1,{'UCzGiDDKdphJ0GFvEd82WfYQ'},{29}
https://amzn.to/32rqd0S,1,1,{'UCzGiDDKdphJ0GFvEd82WfYQ'},{29}
https://amzn.to/2EvdVfo,1,1,{'UCzGiDDKdphJ0GFvEd82WfYQ'},{29}
http://patreon.com/vivafrei,1,1,{'UCzGiDDKdphJ0GFvEd82WfYQ'},{29}
https://www.subscribestar.com/vivafrei,1,1,{'UCzGiDDKdphJ0GFvEd82WfYQ'},{29}
https://www.paypal.me/vivafrei,1,1,{'UCzGiDDKdphJ0GFvEd82WfYQ'},{29}
www.hooksounds.com/ref/vivafrei,1,1,{'UCzGiDDKdphJ0GFvEd82WfYQ'},{29}
https://www.freeamericalawcenter.com,1,1,{'UCzGiDDKdphJ0GFvEd82WfYQ'},{29}
https://represent.com/politics-ruins-evertything-white,1,1,{'UCzGiDDKdphJ0GFvEd82WfYQ'},{29}
https://represent.com/politics-ruins-everything-colors,1,1,{'UCzGiDDKdphJ0GFvEd82WfYQ'},{29}
https://amzn.to/3dXzAL5,1,1,{'UCzGiDDKdphJ0GFvEd82WfYQ'},{29}
https://amzn.to/3dW4DH3,1,1,{'UCzGiDDKdphJ0GFvEd82WfYQ'},{29}
https://represent.com/three-eternal-truths-white,1,1,{'UCzGiDDKdphJ0GFvEd82WfYQ'},{29}
https://represent.com/three-eternal-truths-color,1,1,{'UCzGiDDKdphJ0GFvEd82WfYQ'},{29}
https://amzn.to/3fatuqZ,1,1,{'UCzGiDDKdphJ0GFvEd82WfYQ'},{29}
https://amzn.to/2KxYdTS,1,1,{'UCzGiDDKdphJ0GFvEd82WfYQ'},{29}
https://vivabarneslaw.locals.com/,1,1,{'UCzGiDDKdphJ0GFvEd82WfYQ'},{29}
https://referral.rumble.com/9TRu,1,1,{'UCzGiDDKdphJ0GFvEd82WfYQ'},{29}
https://www.youtube.com/watch?v=mzbwMAj73UQ&t=14s,1,1,{'UClIepWCHx7IXixG2TY5PKJw'},{3}
https://www.youtube.com/watch?v=KhshYyUul1o&t=221s,1,1,{'UClIepWCHx7IXixG2TY5PKJw'},{3}
https://www.youtube.com/channel/UCPP2obRMCcnokAqR4NzMuwQ,1,1,{'UChbFZSRipMhCoKuENYykSag'},{2}
https://www.youtube.com/channel/UC-JK_cgtlZxSvi9yPj0CEig,1,1,{'UChbFZSRipMhCoKuENYykSag'},{2}
https://m.youtube.com/channel/UCg0C-N_MPYYOXyF4T3jMxNQ,1,1,{'UCrNrezBulUcIP9iSStV9p4Q'},{3}
https://m.youtube.com/channel/UCOp24og-YLLuvUP4yrJ2cJA,1,1,{'UCrNrezBulUcIP9iSStV9p4Q'},{3}
https://m.youtube.com/user/GranularHeaven,1,1,{'UCrNrezBulUcIP9iSStV9p4Q'},{3}
https://twitter.com/thaislaguna/status/1285668106141085697?s=19,1,1,{'UC3rdrnmTu4uHW3z2d2bey2g'},{2}
https://twitter.com/CelticWarriorNY/status/1280523139966013441?s=19,1,1,{'UC3rdrnmTu4uHW3z2d2bey2g'},{2}
https://amzn.to/3ldnW1A,1,1,{'UCzGiDDKdphJ0GFvEd82WfYQ'},{29}
https://represent.com/vlawgon,1,1,{'UCzGiDDKdphJ0GFvEd82WfYQ'},{29}
https://youtu.be/6oGLWsrp8PM,1,1,{'UCJe-CRMfqyJhrAQN2GGE1OA'},{5}
https://represent.com/vivapudge,1,1,{'UCzGiDDKdphJ0GFvEd82WfYQ'},{29}
https://youtu.be/ew3XxEowAA8,1,1,{'UCSJfdXQunfQdoj8w1u3UcSA'},{2}
https://www.facebook.com/Steven.Work/posts/10225220285998511,1,1,{'UCS2bWzIm50_wWjBvQjhEwfQ'},{19}
https://www.bitchute.com/video/-WJoxStLvsM,1,1,{'UCS2bWzIm50_wWjBvQjhEwfQ'},{19}
https://youtu.be/-WJoxStLvsM,1,1,{'UCS2bWzIm50_wWjBvQjhEwfQ'},{19}
https://www.bitchute.com/video/mMgnPLYJsNQ,1,1,{'UCS2bWzIm50_wWjBvQjhEwfQ'},{19}
https://youtu.be/mMgnPLYJsNQ?t=582,1,1,{'UCS2bWzIm50_wWjBvQjhEwfQ'},{19}
https://www.bitchute.com/video/mqNncJUjc-s,1,1,{'UCS2bWzIm50_wWjBvQjhEwfQ'},{19}
https://youtu.be/mqNncJUjc-s?t=74,1,1,{'UCS2bWzIm50_wWjBvQjhEwfQ'},{19}
https://www.bitchute.com/video/HfjDhIsKXxQ0,1,1,{'UCS2bWzIm50_wWjBvQjhEwfQ'},{19}
https://youtu.be/GtKqNC7ZHFo,1,1,{'UCS2bWzIm50_wWjBvQjhEwfQ'},{19}
https://www.facebook.com/Steven.Work/posts/10225216333019689,1,1,{'UCS2bWzIm50_wWjBvQjhEwfQ'},{19}
https://youtu.be/RWqGnRfAQU4,1,1,{'UCS2bWzIm50_wWjBvQjhEwfQ'},{19}
https://youtu.be/Aqq8ja7Tk2U,1,1,{'UCS2bWzIm50_wWjBvQjhEwfQ'},{19}
https://youtu.be/PO4XSwcSBXI,1,1,{'UCS2bWzIm50_wWjBvQjhEwfQ'},{19}
https://en.wikipedia.org/wiki/A_Christmas_Carol,1,1,{'UCS2bWzIm50_wWjBvQjhEwfQ'},{19}
https://youtu.be/lj5p8oFWtnU,1,1,{'UCS2bWzIm50_wWjBvQjhEwfQ'},{19}
https://www.lifesitenews.com/.../vigano-church-of,1,1,{'UCS2bWzIm50_wWjBvQjhEwfQ'},{19}
https://returntotradition.org/vigano-pope-francis-has,1,1,{'UCS2bWzIm50_wWjBvQjhEwfQ'},{19}
https://youtu.be/oQx4J6RzTSc,1,1,{'UCS2bWzIm50_wWjBvQjhEwfQ'},{19}
https://www.facebook.com/Steven.Work/posts/10225221717634301,1,1,{'UCS2bWzIm50_wWjBvQjhEwfQ'},{19}
https://www.youtube.com/channel/UCHcYoqP1s-QOwT55UH26kjQ,1,1,{'UCzGiDDKdphJ0GFvEd82WfYQ'},{29}
https://represent.com/knowthevlawg,1,1,{'UCzGiDDKdphJ0GFvEd82WfYQ'},{29}
https://represent.com/keep-calm-and-vlawg-on?side=front&variant=1830,1,1,{'UCzGiDDKdphJ0GFvEd82WfYQ'},{29}
https://represent.com/chic-anery,1,1,{'UCzGiDDKdphJ0GFvEd82WfYQ'},{29}
https://represent.com/i-shill-for-nobody,1,1,{'UCzGiDDKdphJ0GFvEd82WfYQ'},{29}
https://represent.com/vlawg-dawg,1,1,{'UCzGiDDKdphJ0GFvEd82WfYQ'},{29}
https://represent.com/happydawg,1,1,{'UCzGiDDKdphJ0GFvEd82WfYQ'},{29}
https://www.instagram.com/storylayoutdotcom/,1,1,{'UC_jwYANHgWXCa6wReG5gCvg'},{2}
https://boundingintocomics.com/2020/12/18/aquaman-star-amber-heard-can-now-be-hired-to-speak-on-domestic-abuse-for-30000-usd/,1,1,{'UC_jwYANHgWXCa6wReG5gCvg'},{2}
https://black-movies.xyz/,1,1,{'UCLoEOgr64fbiPPEy1J_MRdA'},{2}
https://black-movies.xyz/movie/464052/wonder-woman-1984.html,1,1,{'UCLoEOgr64fbiPPEy1J_MRdA'},{2}
https://www.youtube.com/watch?v=aca0KWoHtqQ,1,1,{'UCYO8A5t7Rbp5V7MLVXCcSJQ'},{9}
http://chng.it/tdY6DdFSn4,1,1,{'UCYO8A5t7Rbp5V7MLVXCcSJQ'},{9}
https://youtu.be/VDP9NVQmiXw,1,1,{'UCnCe3d_FPiUwgcQt5Zpn1NA'},{3}
https://youtu.be/_Hgxjru74Uo,1,1,{'UCnCe3d_FPiUwgcQt5Zpn1NA'},{3}
https://youtube.com/channel/UCg0C-N_MPYYOXyF4T3jMxNQ,1,1,{'UCnCe3d_FPiUwgcQt5Zpn1NA'},{3}
https://www.change.org/p/l-or%C3%A9al-remove-amber-heard-as-l-oreal-spokesperson,1,1,{'UC8mnOWFP5iZDdHf1n6v-Piw'},{2}
http://news.bbc.co.uk/1/hi/uk/269156.stm,1,1,{'UCJzgtu9PhdgyfVurgKJNfPA'},{4}
https://www.upi.com/Archives/1989/03/10/DEPP-STUCK/6813605509200/,1,1,{'UCJzgtu9PhdgyfVurgKJNfPA'},{4}
https://www.dnaindia.com/hollywood/report-never-abused-amber-heard-or-any-other-woman-in-my-life-johnny-depp-tells-uk-court-2831387/amp,1,1,{'UCJzgtu9PhdgyfVurgKJNfPA'},{4}
https://variety.com/2018/biz/news/johnny-depp-location-manager-1202868748/amp/,1,1,{'UCJzgtu9PhdgyfVurgKJNfPA'},{4}
http://chng.it/6fm5X6cBqW,1,1,{'UC02HcbmX9SJKIkEcGOuW7PQ'},{2}
http://chng.it/x4PBcHKdwt,1,1,{'UC02HcbmX9SJKIkEcGOuW7PQ'},{2}
https://www.youtube.com/channel/UCjKNc-woAlnxt0H-yJ8RXJg,1,1,{'UCfupACwUQmP2H6pDehATVXA'},{6}
https://helpothers.medium.com/amber-heard-is-innocent-support-her-in-aquaman-2-warner-bros-loreal-united-nations-and-aclu-81f27bc9678b,1,1,{'UCfupACwUQmP2H6pDehATVXA'},{6}
https://www.truehollywoodtalk.com/amber-heards-story-cyberabuse-inspires-change-public-safety-save-lives/,1,1,{'UCfupACwUQmP2H6pDehATVXA'},{6}
https://www.change.org/p/we-support-amber-heard-in-aquaman-2-her-life-and-public-safety-to-save-lives,1,1,{'UCfupACwUQmP2H6pDehATVXA'},{6}
https://youtu.be/aZ726JuplOs,1,1,"('UC7PcHIhMvcf5DEyyKqmIUpA',)",{1}
https://help.change.org/s/contactsupport,1,1,{'UCfupACwUQmP2H6pDehATVXA'},{6}
https://youtu.be/nS02sosYBng,1,1,{'UCaR3fnMG5gp757MScRnSigw'},{7}
https://youtu.be/thr2hikwBUk,1,1,{'UCaR3fnMG5gp757MScRnSigw'},{7}
https://youtu.be/U3LepJjegko,1,1,{'UCaR3fnMG5gp757MScRnSigw'},{7}
https://youtube.com/playlist?list=PL1xxuxjRZvN8FkPtZbED6PawT4mJAZRKa,1,1,{'UCaR3fnMG5gp757MScRnSigw'},{7}
https://youtu.be/pZHN3zlTWWs,1,1,{'UCaR3fnMG5gp757MScRnSigw'},{7}
https://youtu.be/iiCBgTZm9L4,1,1,{'UCaR3fnMG5gp757MScRnSigw'},{7}
https://youtube.com/playlist?list=PLC18C501EF1060DDF,1,1,{'UCaR3fnMG5gp757MScRnSigw'},{7}
https://youtu.be/mGysOICFRlk,1,1,{'UCJe-CRMfqyJhrAQN2GGE1OA'},{5}
https://youtu.be/sxOM4GrqElw,1,1,{'UCJe-CRMfqyJhrAQN2GGE1OA'},{5}
https://www.youtube.com/watch?v=HwKB80xZdus,1,1,{'UCYO8A5t7Rbp5V7MLVXCcSJQ'},{9}
https://www.youtube.com/watch?v=VDP9NVQmiXw,1,1,{'UCYO8A5t7Rbp5V7MLVXCcSJQ'},{9}
https://www.youtube.com/watch?v=phtD_zWn8e4,1,1,{'UCYO8A5t7Rbp5V7MLVXCcSJQ'},{9}
https://t.co/xawHh8vihc,1,1,{'UCA48iKLTqY_BZpQ6Uk5bjGg'},{12}
https://www.at-angys.de/jd.html,1,1,{'UCcznsgxHHFxREHlQtQK0u7g'},{2}
http://chng.it/K4GJfL2CPq,1,1,{'UC8mnOWFP5iZDdHf1n6v-Piw'},{2}
http://chng.it/MQzNfN4fnK,1,1,{'UC8mnOWFP5iZDdHf1n6v-Piw'},{2}
https://www.fairfaxcounty.gov/circuit/high-profile-cases,1,1,{'UCA48iKLTqY_BZpQ6Uk5bjGg'},{12}
https://t.co/xLTlO0wzVH,1,1,{'UCA48iKLTqY_BZpQ6Uk5bjGg'},{12}
https://t.co/m9p0gZLmxK,1,1,{'UCA48iKLTqY_BZpQ6Uk5bjGg'},{12}
https://t.co/jCECGHSNnf,1,1,{'UCA48iKLTqY_BZpQ6Uk5bjGg'},{12}
https://t.co/fdHfFAqVSd,1,1,{'UCA48iKLTqY_BZpQ6Uk5bjGg'},{12}
https://t.co/cpIKViOwvc,1,1,{'UCA48iKLTqY_BZpQ6Uk5bjGg'},{12}
https://t.co/Xoqi8B5ck4,1,1,{'UCA48iKLTqY_BZpQ6Uk5bjGg'},{12}
https://t.co/C4O49OJlGy,1,1,{'UCA48iKLTqY_BZpQ6Uk5bjGg'},{12}
https://t.co/Nm4Yd8Gxzb,1,1,{'UCA48iKLTqY_BZpQ6Uk5bjGg'},{12}
https://t.co/2k1LQqPv7I,1,1,{'UCA48iKLTqY_BZpQ6Uk5bjGg'},{12}
https://www.youtube.com/watch?v=V7lg69VFSY8,1,1,{'UCYO8A5t7Rbp5V7MLVXCcSJQ'},{9}
https://twitter.com/PodcastNow15,1,1,{'UCEnqBREwYT7O57vuu6KpfnQ'},{6}
https://discord.gg/C2De68m,1,1,{'UCEnqBREwYT7O57vuu6KpfnQ'},{6}
https://www.youtube.com/channel/UCWL_,1,1,{'UCEnqBREwYT7O57vuu6KpfnQ'},{6}
https://www.twitch.tv/podcastnow,1,1,{'UCEnqBREwYT7O57vuu6KpfnQ'},{6}
https://www.youtube.com/channel/UCqUx,1,1,{'UCEnqBREwYT7O57vuu6KpfnQ'},{6}
https://www.youtube.com/channel/UC7kP,1,1,{'UCEnqBREwYT7O57vuu6KpfnQ'},{6}
https://mobile.twitter.com/LauraBockov?s=20,1,1,{'UC8AGq7bm-x4teGcvQonvnPw'},{8}
https://m.youtube.com/watch?v=4mniExt5RV0&t=598s,1,1,{'UCH4N8vUO9rErftA_1qAgRuw'},{2}
https://m.youtube.com/watch?v=agUEe-VTDbs,1,1,{'UCH4N8vUO9rErftA_1qAgRuw'},{2}
https://www.youtube.com/watch?v=lSNZfVhHVQ0,1,1,{'UCIP-rwRT-neNzaML_kgWhKQ'},{3}
https://www.youtube.com/watch?v=EKKVxKmw2sc,1,1,{'UCIP-rwRT-neNzaML_kgWhKQ'},{3}
https://www.youtube.com/watch?v=lslHx-nHjzc,1,1,{'UCYO8A5t7Rbp5V7MLVXCcSJQ'},{9}
https://youtu.be/PG4RhzuRECI,1,1,"('UCsqP_QoZTV3CJJClKL9D3MQ',)",{1}
https://www.cdc.gov/violenceprevention/datasources/nisvs/men-ipvsvandstalking.html,1,1,"('UC97CnEcv52XF-9pPKaCJ6Vw',)",{1}
https://youtu.be/PUlwISarxaw,1,1,"('UCiKFoS4lB1px_y-XMaao6Jw',)",{1}
lovepeed.ml/jessica,1,1,"('UCsblhsZVogI9H4o0fjcHXew',)",{1}
https://www.dailymail.co.uk/news/article-8854937/Thousands-boys-kept-chains-tortured-abused-Islamic-schools-Sudan.html,1,1,"('UCdkY7jDMnopevXmVwKO11LA',)",{1}
https://www.youtube.com/watch?v=4Sy-9UnO_hE,1,1,"('UC6c2HgABDbDApPnEysL109g',)",{1}
https://www.laineygossip.com/hollywood-reporter-calls-johnny-depp-radioactive-cover-feature-reporting-on-implosion-potentially-dangerous-response/67646,1,1,"('UCtf254D3gVJ5RgiqFxdvuTQ',)",{1}
https://www.hollywoodreporter.com/features/hes-radioactive-inside-johnny-depps-self-made-implosion,1,1,"('UClWB2QvKFpIsYBAaa7-scuQ',)",{1}
https://youtu.be/KVND-s92sy4,1,1,"('UCaji606ntPWn9qvbGtEpLBQ',)",{1}
https://youtu.be/G1urAd2UJtg,1,1,"('UCNSNiq8EUnn8tBuQtJ_QpkQ',)",{1}
https://www.youtube.com/watch?v=IAGz2bDlwqA&t=172s,1,1,"('UCzS6p_jNDlC4XldH88DJiwg',)",{1}
https://www.youtube.com/watch?v=xM2bOxS1yQs&t=31s,1,1,"('UCOS-GyUehPCYMa7LBWXvxow',)",{1}
https://youtu.be/mxIdI6nbsMc,1,1,"('UCExrq--Vqw2eL1_0q2b34HQ',)",{1}
https://youtu.be/zMe-8DLsUtQ,1,1,"('UCEYFgoVcba9To-vg4aW4IQA',)",{1}
tinyurl.com/snapgrils9ITAsex,1,1,"('UCiAGcKJOyLvUDUlgv4R582w',)",{1}
shorturl.ca/urlflirtyjoyfuckgilrs,1,1,"('UCj920HLrBt4a7ob8eVcqyFg',)",{1}
tinyurl.com/quickteensex,1,1,"('UCsKspq1mvta6sqUH1uV1byg',)",{1}
https://youtu.be/eNuQ4Kzh1WE,1,1,"('UCpVG7Kk9GFD38exLGUedt3w',)",{1}
shorturl.ca/urflirtyjoyporn18,1,1,"('UCzkSwWMVnMO6EdNT1K3tXhA',)",{1}
Lovepeed.ml/miyabi,1,1,"('UC3FN1ILzYDn8sItO3t_sx4w',)",{1}
miniurl.es/quickdates7hotladyy/,1,1,"('UC8FD1tyrF46-d2BjElk5zqw',)",{1}
https://youtu.be/dtiYbuwTV0s,1,1,"('UCWrjOF23Brfeq00_aePzstA',)",{1}
miniurl.es/urflirtyjoynude17,1,1,"('UCviwP0CJKA2YJkpSZ6zdHtw',)",{1}
https://www.youtube.com/channel/UCg0C-N_MPYYOXyF4T3jMxNQ,1,1,"('UCTlZWamzvwzubfIlXHn10pA',)",{1}
https://www.nickwallis.com/depp-trial-evidence,1,1,"('UCxrDgMAn6s-OqLvHXhC2CUg',)",{1}
https://youtu.be/04Cz-uOognU,1,1,"('UCJjOIuv9zS5QJDZs1VWmR7Q',)",{1}
https://www.youtube.com/watch?v=7yeUCkmURbk,1,1,"('UC9EmgF7LLZxu3uUMpS6QQPg',)",{1}
https://youtu.be/swqQmXJZfQU,1,1,"('UCUEW9954w8JokLtrEz2OLhA',)",{1}
https://youtu.be/EVQ959kK1zE,1,1,"('UCXs9ndBaGObpTvX1ZEsFU6w',)",{1}
https://www.dailymail.co.uk/news/article-8456747/Prominent-MeToo-activist-Amanda-Cadenet-drops-support-Amber-Heard.html,1,1,"('UCwEmLywVWcObJcm30RC55lg',)",{1}
https://m.facebook.com/story.php?story_fbid=10160569518755968&id=790010967,1,1,"('UC1PfsudAOUK_5HowOvW8WNQ',)",{1}
https://www.youtube.com/watch?v=8fvbO53mD1Y,1,1,"('UCeIHQFVdYtTSCITQ4lVBp1g',)",{1}
https://youtu.be/PKv-ISdDZx4,1,1,"('UC7Qx8UtHDFPu5mMi8oEi9TA',)",{1}
https://youtube.com/user/almak875,1,1,"('UCG2QYlhnYYxksvv6ve11ijw',)",{1}
https://youtu.be/3Dqld54iEFE,1,1,"('UCn5oDgqfYso8HWPJ-AMTcOQ',)",{1}
http://chng.it/HF2QvVNF,1,1,"('UC_tufkgc1v7gIHFjoetaSjg',)",{1}
https://medium.com/honestly-yours/johnny-depp-amber-heard-and-the-myth-of-the-obvious-abuser-6e2d88a6f988,1,1,"('UCXM4fSuZYqYWYTrVP4XRbzg',)",{1}
https://youtu.be/bM7XaALbhwk,1,1,"('UCwEVorJlkEbMLMggcOFQylw',)",{1}
https://www.instagram.com/reel/CI3SDTtDPoK/?igshid=ovcbpnjib576,1,1,"('UCNcQiU_Lyss5ncqJyEnukig',)",{1}
https://www.tmz.com/2016/11/28/amber-heard-johnny-depp-settlement-money-donation/,1,1,"('UC0siiL4Td2E_13lPeU8_TFQ',)",{1}
https://youtu.be/1CzGRg_htjo,1,1,"('UC58eGQ9iVVd7l2DgcCQDe9A',)",{1}
https://saclaw.org/law-101/civil-restraining-order/,1,1,"('UC58eGQ9iVVd7l2DgcCQDe9A',)",{1}
https://twitter.com/morgan_pryce/status/1336210242703519745?s=21,1,1,"('UCgZpNvrZhX0WfU8nZywDMrQ',)",{1}
https://www.change.org/p/dc-entertainment-remove-amber-heard-from-aquaman-2?recruiter=1168561544&recruited_by_id=864679c0-3be4-11eb-91a5-f16336b6af73&utm_source=share_petition&utm_medium=copylink&utm_campaign=psf_combo_share_abi&utm_term=psf_combo_share_initial,1,1,"('UC611bZqPZszvuceupSnityA',)",{1}
https://edition.cnn.com/2017/01/26/entertainment/shia-labeouf-arrested-trump-rally/index.html,1,1,"('UCV6jiAC3A7z3zPWHWPi3Ejg',)",{1}
https://youtu.be/Fre7DF-7FcI,1,1,"('UC7pXM9iwUBU1SIe5n76Rucg',)",{1}
https://www.msn.com/en-gb/news/uknews/johnny-depp-applies-to-court-of-appeal-over-wife-beater-judgment/ar-BB1bKgE9?ocid=msedgntp,1,1,"('UCJnnIlVmBlhSEVVNQJ5HCmA',)",{1}
https://www.youtube.com/watch?v=oQxaGm7eK4U&t=7s,1,1,"('UCmyim_AmirMJJMx8LR5ZD8Q',)",{1}
https://www.dior.com/en_gb/fragrance/mens-fragrance/sauvage?gclid=Cj0KCQiA8dH-BRD_ARIsAC24umbJBjpdyyPNqcYhYGKvanylN29GyHRRgQn2ZU8bFmrOHaqMHbIRHSMaAgB1EALw_wcB,1,1,"('UCVx9K1c67t3N_a3WOF-YQuA',)",{1}
https://archive.siasat.com/news/angelina-jolie-warned-johnny-depp-not-marry-amber-heard-568373/,1,1,"('UC1hz3Geuj_JCU8i10Q-KXEQ',)",{1}
https://youtu.be/0AuqMqrnr5Q,1,1,"('UCw0w6JynOB-t54h5Imfpc6g',)",{1}
https://www.dallasjustice.com/johnny-depp-falsely-accused-domestic-violence-overlap-divorce-law-criminal-defense/,1,1,"('UC9EppFB-YVIwwqzr2oIZ1Kw',)",{1}
https://www.youtube.com/watch?v=GXMAQ59a-ss&t=6s,1,1,"('UCeIHQFVdYtTSCITQ4lVBp1g',)",{1}
https://youtu.be/0-cSfZDqUSI,1,1,"('UCJM8FcIvv5Es-DSfiG5rSzA',)",{1}
https://zulqarnainbharwana.com/johnny-depp/,1,1,"('UCq0S_WqEHouSD6dJ_fDrIhA',)",{1}
lovepeed.ml/angelia,1,1,"('UCKtkY1JLCLSWAz52OyP2kIQ',)",{1}
https://youtu.be/wPLv3FW6eXQ,1,1,"('UC58eGQ9iVVd7l2DgcCQDe9A',)",{1}
https://youtu.be/v8UeNnq_dWM,1,1,"('UCPDacqIBxHdIM7e5DckFZkg',)",{1}
https://www.youtube.com/watch?v=wfTC2o05OEw,1,1,"('UCD4mpFH23Igq83AS2gBdPTg',)",{1}
https://youtu.be/zp-VO2tzHuc,1,1,"('UC1J3DU28OPZpeWCUIaNCNCw',)",{1}
https://youtu.be/pjQesEczrKw,1,1,"('UCF57l_CQeQJjWaKQ7QLL5aQ',)",{1}
https://youtu.be/wi5SkLfcby4,1,1,"('UC6rWF7jXE0YHxgjswiKy73w',)",{1}
https://youtu.be/IV6gLC4Pf_Y,1,1,"('UCUDY76BjiJpcE6nNk2R8tNA',)",{1}
https://www.youtube.com/channel/UCJbJtEMxQgadDrOLizzrGYw,1,1,"('UCJbJtEMxQgadDrOLizzrGYw',)",{1}
https://www.youtube.com/watch?v=XhONoQeWHa4&list=PLGxHgODxXr9S-Nm0T_IQ9nofAzAm7VSfm&index=3,1,1,"('UCflL9FqaPh-Kzfey1ijVehQ',)",{1}
https://www.youtube.com/channel/UClPidqXtckfmWUIQ-S39IgQ?view_as=subscriber,1,1,"('UClPidqXtckfmWUIQ-S39IgQ',)",{1}
https://youtu.be/P8GBHGgill0,1,1,"('UCW31aGSMlBVmSv1t0z8soYg',)",{1}
https://youtu.be/kCFcobm64Xk,1,1,"('UCj_LgD60mbnN3feKsUsBLwA',)",{1}
https://youtu.be/tXfe0s-xkwU,1,1,"('UCECOpwpUmc57vNU3dGh9QXg',)",{1}
https://www.youtube.com/watch?v=e8OOM92WfVc,1,1,"('UCsAuZcccBMOmvsPuVUdugvQ',)",{1}
https://www.youtube.com/watch?v=TCSUKIhjevo&t=1s&ab_channel=LivingWatersâ€‹,1,1,"('UCCsH8-2DHzFAMGIHoT27TVg',)",{1}
http://chng.it/mQ67YmzxL5,1,1,"('UCUgsAkSMakWlibp1fFVF-6Q',)",{1}
https://youtu.be/4pJqe0wcZq4,1,1,"('UCLog1P4BfQgSg1d_CixFWWA',)",{1}
https://youtu.be/C90AcCBXbDc,1,1,"('UCXQ1xzW2NR6gkg5Ked6sgAQ',)",{1}
https://instagram.com/johnnydepprealsupportersâ€¬,1,1,"('UCWt3aT_htE8XwbSOw5MMf6Q',)",{1}
https://youtu.be/8OgeOJNILdk,1,1,"('UCLs08_BUyC3bxqhrO3EGsmA',)",{1}
https://www.youtube.com/watch?v=KilL9x6HKV4&list=PLGxHgODxXr9S-Nm0T_IQ9nofAzAm7VSfm&index=1,1,1,"('UCflL9FqaPh-Kzfey1ijVehQ',)",{1}
https://www.youtube.com/channel/UC2By6LrOuQVQC-pwYH16H6g,1,1,"('UC2By6LrOuQVQC-pwYH16H6g',)",{1}
https://www.youtube.com/playlist?list=PLih9OeoK2i1tFw8zgKU-6ruN1JxxANfDo,1,1,"('UCkDJXQP7tX8o6hQLEz0mkbQ',)",{1}
https://youtu.be/-vrZfIt_IYk,1,1,"('UC5EPH2cVnn1tzwCw7As1jjg',)",{1}
youtu.be/NHkZMn3L5rUhttps://youtu.be/NHkZMn3L5rUhttps://youtu.be/NHkZMn3L5rUhttps://youtu.be/NHkZMn3L5rUhttps://youtu.be/NHkZMn3L5rUhttps://youtu.be/NHkZMn3L5rUhttps://youtu.be/NHkZMn3L5rUhttps://youtu.be/NHkZMn3L5rUhttps://youtu.be/NHkZMn3L5rUhttps://youtu.be/NHkZMn3L5rUhttps://youtu.be/NHkZMn3L5rUhttps://youtu.be/NHkZMn3L5rUhttps://youtu.be/NHkZMn3L5rUhttps://youtu.be/NHkZMn3L5rUhttps://youtu.be/NHkZMn3L5rUhttps://youtu.be/NHkZMn3L5rUhttps://youtu.be/NHkZMn3L5rUhttps://youtu.be/NHkZMn3L5rUhttps://youtu.be/NHkZMn3L5rU,1,1,"('UCrhRG6jZ8Cf2zVEEITDaGqA',)",{1}
https://youtu.be/NHkZMn3L5rUhttps://youtu.be/NHkZMn3L5rUhttps://youtu.be/NHkZMn3L5rUhttps://youtu.be/NHkZMn3L5rUhttps://youtu.be/NHkZMn3L5rUhttps://youtu.be/NHkZMn3L5rUhttps://youtu.be/NHkZMn3L5rUhttps://youtu.be/NHkZMn3L5rUhttps://youtu.be/NHkZMn3L5rUhttps://youtu.be/NHkZMn3L5rUhttps://youtu.be/NHkZMn3L5rUhttps://youtu.be/NHkZMn3L5rUhttps://youtu.be/NHkZMn3L5rUhttps://youtu.be/NHkZMn3L5rUhttps://youtu.be/NHkZMn3L5rUhttps://youtu.be/NHkZMn3L5rUhttps://youtu.be/NHkZMn3L5rUhttps://youtu.be/NHkZMn3L5rU,1,1,"('UCrhRG6jZ8Cf2zVEEITDaGqA',)",{1}
https://youtu.be/CgpQrZ4Ixts,1,1,"('UC9VfNKbAC9_TZhP0xnMtaEA',)",{1}
https://youtu.be/UWRi4iHBRnA,1,1,"('UCq7WiPxktHjbsIb7FawwUiQ',)",{1}
https://www.youtube.com/watch?v=IoHVAyOFlWk,1,1,"('UCp7DI6IlFgLQrAlLawxhDXg',)",{1}
https://www.youtube.com/watch?v=6EWubLFVgRc,1,1,"('UCZsRrCrihHHWxoZzGoYM7Vg',)",{1}
https://youtu.be/8RfPmTOr6E4hiiiii,1,1,"('UCKNXRmKqJfX3QbVytRWAP-Q',)",{1}
https://www.youtube.com/user/Vishaldharshan,1,1,"('UCYKLYW43dD71o6dROjUjoOg',)",{1}
https://youtu.be/xMg9qwmvT44,1,1,"('UCcQBBvHTYeiVwT8o4rwIfVg',)",{1}
https://youtu.be/Ywm61BswJ7U,1,1,"('UCiJjX7RpbgD3-WnvaMZIemw',)",{1}
https://youtu.be/Apu14oI8td4,1,1,"('UCciN1YrOiUm6XfsDp5-Zp8Q',)",{1}
https://youtu.be/U7DsMZDRsy0,1,1,"('UCkU55ZD9gaDL40l0VX9GnNg',)",{1}
t.co/Q2rLms7kGp-oreohdmovie,1,1,"('UCXk7m2hLsztxXU4Mi0QtXlA',)",{1}
tinyurl.com/Snapgrls9PANGsex,1,1,"('UCNZlt4M-lLvDlSwTSUR3dzQ',)",{1}
shorturl.ca/quickdates7hotlady,1,1,"('UCmqNMtVnOA5wPoYCFSiOcEw',)",{1}
https://youtu.be/dep3FzGiN1k,1,1,"('UCAbmKaNOm-srC8jfuTpg7vw',)",{1}
https://www.youtube.com/watch?v=7PhvDvHgwDA,1,1,"('UCAg992M0uXCvBtyDA0KRoZA',)",{1}
https://youtu.be/1S6m5VfzPZw,1,1,"('UC61XmxxDCojM_i0QD9KlTBg',)",{1}
https://youtu.be/-xIv2JnE3s4,1,1,"('UCtqnfLd2Ki5xM-eHwy0s4Yg',)",{1}
https://www.youtube.com/channel/UCvcK7byyEe17lCVZpuL3Eog/?sub-,1,1,"('UCvcK7byyEe17lCVZpuL3Eog',)",{1}
https://youtu.be/qCm6B_1GSmA,1,1,"('UCSklVrf4TBwVeRbEh8MPclw',)",{1}
https://youtu.be/zvdK8BScPXo,1,1,"('UCTCCPyep2fjv4Ad7W6B2g0Q',)",{1}
https://shopee.co.id/tokozoya,1,1,"('UCERmXibIZK6nsPXf7L_2TrQ',)",{1}
https://youtu.be/mPD3vD6n8ZI,1,1,"('UCeUViOBLAOhJmnYopJ_i8zA',)",{1}
https://twitter.com/nickwallis/status/1341833735956787205,1,1,"('UC6c2HgABDbDApPnEysL109g',)",{1}
http://chng.it/GnVTbdPtK4,1,1,"('UCOj2GvIGHK8WTYkeo6QFtLg',)",{1}
https://youtu.be/5pQvM9ZY41k,1,1,"('UCs0giTPuLQGom3OoSPYTNzg',)",{1}
https://youtu.be/xP22-CMBLro,1,1,"('UCOlAMcvpOMZZV2OPfnGvdBA',)",{1}
https://www.youtube.com/watch?v=izahzS5TABk,1,1,"('UC5uRdvDQB8YUEIsZ-vSf0LQ',)",{1}
https://www.youtube.com/watch?v=wKLxolAr9Fo,1,1,"('UCcebglESpAukzFX-fCBmbBg',)",{1}
https://www.change.org/p/the-people-warner-bros-bring-johnny-depp-back-as-gellert-grindelwald-update-sign-it-to-show-your-support-to-johnny-and-screw-the-movie,1,1,"('UCV8qBfQSxQTEe9pTNycfklw',)",{1}
https://www.change.org/p/walt-disney-we-want-johnny-depp-back-as-captain-jack-sparrow,1,1,"('UCV8qBfQSxQTEe9pTNycfklw',)",{1}
tinyurl.com/snapgirls9SEPsex,1,1,"('UC9xkSkzsq5BB6XBYuydX7-g',)",{1}
https://www.theguardian.com/film/2020/dec/24/johnny-depp-did-not-get-fair-trial-lawyers-tell-appeal-court,1,1,"('UCTLXHp7rqYJcVIx-w8NzPxQ',)",{1}
https://youtu.be/NoIBMmlkkJE,1,1,"('UCwlFLJoL1p8gDQRNVBdT1pg',)",{1}
https://www.youtube.com/watch?v=52wdPJpMxZI,1,1,"('UC-wxuyxkAfojP5empDdhGlg',)",{1}
https://youtu.be/-0Iqx41qeXs,1,1,"('UCvWxEUkcteTDPx8F8Lwjjmg',)",{1}
https://youtu.be/4aBBYzgTdnU,1,1,"('UCJR6NJOYuqWFSZ7kB1en6Bw',)",{1}
n.pr/support-the-tiny-desk,1,1,"('UC4eYXhJI4-7wSWc8UNRwD4A',)",{1}
https://youtu.be/En8bkdy7Em0,1,1,"('UCaLk06KMXQcjt2wR6J5CDCw',)",{1}
https://www.youtube.com/watch?v=bvRyHqfCRKM,1,1,"('UC5uRdvDQB8YUEIsZ-vSf0LQ',)",{1}
https://youtu.be/w57Tf3JS7u4,1,1,"('UCVG7HzvfSSy0jG2_lXzHR0A',)",{1}
https://youtu.be/7YvU4zOl7pU,1,1,"('UCX2ClcXJ1CNFvoQdqkDwyzw',)",{1}
https://chat.whatsapp.com/LbzI6RWiHyS2oDhvXeeiaE,1,1,"('UCNcEsthptKpmt3t2Lhl2vTg',)",{1}
https://chat.whatsapp.com/FfDEOHsr5nUAAK9AT2niX2,1,1,"('UCpHfi3gT_2_IWWOr1G6VLZA',)",{1}
https://youtu.be/cg7aApeAtJ0,1,1,"('UC6kLOyYI7CrRQbaMyDpBr_g',)",{1}
https://instagram.com/laurenspinz_inc?igshid=fni05mw9zbpg,1,1,"('UCFrR3ymX8eTNqHhyTUMnIDg',)",{1}
https://youtu.be/-EcEQUeNtYI,1,1,"('UCJreFOOEm_6BpCrH-R_saWA',)",{1}
http://chng.it/CmGXX7j6J9,1,1,"('UC7wKodF34SmWvGlTkTX3TPQ',)",{1}
http://chng.it/xGHx9XWRTg,1,1,"('UCAPiTQoKGAy33vT7N4ovGSg',)",{1}
https://youtube.com/channel/UCG3kmTs4mSIgsHdCZRfzVCA,1,1,"('UCXTwoNUWblDlUGcE_gsNCCQ',)",{1}
https://www.youtube.com/watch?v=TV_xrEU5o2g,1,1,"('UC7noI6A2MUMcM56oJqYv75A',)",{1}
https://youtu.be/0I0o9JJw2tg?t=250,1,1,"('UC-euLm_f0r7YP8u-W0fcr_A',)",{1}
https://www.google.com/url?sa=t&source=web&rct=j&url=https://www.thegeekbuzz.com/the-basement/johnny-depp-titles-removed-from-netflix/&ved=0ahUKEwji65u6jfPtAhUMC-wKHc55DIoQxfQBCEYwBA&usg=AOvVaw0VF2oqeVETiBlfi1qdVRjh,1,1,"('UCuKQ11nL9QZx3HDTsigWYyw',)",{1}
https://www.giantfreakinrobot.com/cltr/amber-heard-domestic-abuse.html,1,1,"('UCFSGYzMwwCuetuYlQcY-w6A',)",{1}
https://www.youtube.com/channel/UCc5SchWaF693cLtXYve-4Ww,1,1,"('UCc5SchWaF693cLtXYve-4Ww',)",{1}
twitch.tv/axlr88,1,1,"('UCYJfkiCCQ5BlM4YJlpLGB7g',)",{1}
http://chng.it/kSWfPnPnQx,1,1,"('UCmFIQ_iYFsdbX_6mzUu1OQQ',)",{1}
https://privateinternetaccess.com/TheQuarteringBF,1,1,"('UCfwE_ODI1YTbdjkzuSi1Nag',)",{1}
https://youtu.be/0vzI9M-Dsls,1,1,"('UCy7gUhgJvr-WuaZ_llmZgSw',)",{1}
http://chng.it/qHWVdsQZPr,1,1,"('UCcS8zFrgXDHiQV67sXJfFAQ',)",{1}
https://www.youtube.com/watch?v=Yxzd4MlhdsM,1,1,"('UC0_c0tk4MhM-7TuuaS4_bKA',)",{1}
https://youtu.be/pXA7qlDrUZM,1,1,"('UC5lK-UNZdsr89s1PcKEvHIw',)",{1}
https://youtu.be/Yxzd4MlhdsM,1,1,"('UC_HpiFc4v3_b3geW-vRBvAg',)",{1}
https://www.change.org/p/dc-entertainment-remove-amber-heard-from-aquaman-2?recruiter=1166836687&utm_source=share_petition&utm_medium=copylink&utm_campaign=share_petition&utm_term=share_petition,1,1,"('UCwwy11f3nnrDCdLmknYV5Pw',)",{1}
https://youtu.be/n9Q2qpFIoBk,1,1,"('UCexM6uvbzQT-D8OhKRj_Ecg',)",{1}
http://chng.it/L2HjgJyvNn,1,1,"('UCUMsvLH1JWagMUtPbp_GUwA',)",{1}
https://chat.whatsapp.com/KvkOsnqv4Sc7HQgiLIGtrc,1,1,"('UCRKLLkheA71VP-ZKEBy8x6A',)",{1}
https://youtu.be/EzaT9PqhmKc,1,1,"('UCFc1u5EFMHWTcHOjz-SkH_w',)",{1}
https://unstoppabledomains.com/r/3ca1f4812534429,1,1,"('UCDKFfSbPbnYt7M8aHfwKlRg',)",{1}
https://www.facebook.com/TheSeaWitch1990/photos/a.856953917775714/1837785666359196/,1,1,"('UCnmha_5KdGgETDjfNtA67Hw',)",{1}
http://montrealgazette.com/news/montreal-area-man-sues-social-worker-for-breach-of-professional-conduct,1,1,"('UCm8thPFDXT4W_NG7m3ISFdg',)",{1}
https://www.youtube.com/watch?v=AuPUzRHuBeA&feature=sharetyghj,1,1,"('UCEb2AfmlLwzzZDgKg3Nh1Vw',)",{1}
https://youtu.be/PaR6L5nMGoc,1,1,"('UCg2vW5Nw5jtohyRrnBKNBnA',)",{1}
http://chng.it/yPyrgtXXgD,1,1,"('UCDVjW9FMNU5RfVX1WcocP-g',)",{1}
http://chng.it/bzcwQffwpL,1,1,"('UCgZZVtWEQ0VM-J0A8iePMtg',)",{1}
http://chng.it/gqzkZf5XQD,1,1,"('UCLNoFZAgw7Iiwk6WNM5zrVA',)",{1}
https://youtu.be/EuLlH9uG55A,1,1,"('UC58eGQ9iVVd7l2DgcCQDe9A',)",{1}
https://youtu.be/Ez4H5JKCPso,1,1,"('UC58eGQ9iVVd7l2DgcCQDe9A',)",{1}
https://www.change.org/p/l-or%C3%A9al-remove-amber-heard-as-l-or%C3%A9al-spokeperson,1,1,"('UC9HXBun0cXek_DdBenM1zQQ',)",{1}
https://displate.com/thequartering?art=5e0b6fe4e87b0,1,1,"('UCfwE_ODI1YTbdjkzuSi1Nag',)",{1}
www.rubenarroyo.net,1,1,"('UC8QHRvPdCxk376D_Xo0rjFA',)",{1}
https://youtu.be/lslHx-nHjzc,1,1,"('UCqZVmS968xlGbdHCIw9e9ew',)",{1}
https://www.youtube.com/channel/UC9ctsJZ2aD1nCexfqj342NQ,1,1,"('UCOzOIe7PxCc3hcNyYjCJpZg',)",{1}
https://www.youtube.com/watch?v=upBP2UYyRZU,1,1,"('UCOnSFKsqm10o0__KVp5pVaw',)",{1}
https://youtu.be/ffbN7YwLXTc,1,1,"('UC3SM7Ll4XhQBsdv9JgY8xXQ',)",{1}
https://www.youtube.com/watch?v=Akl3k1kcPvY,1,1,"('UCoRmGdYweFwEl3rd4pyLjkg',)",{1}
https://youtu.be/WmCtnA8-eT8,1,1,"('UCOExuvTueEgk0pShtcmGGtQ',)",{1}
https://www.youtube.com/watch?v=LHYRYKCIDxk,1,1,"('UCLXtxZ6aAvlBGUCqpL62cfQ',)",{1}
http://chng.it/F82CP2Mbrx,1,1,"('UCW7Nf3f7E_8QSMctLwcmxww',)",{1}
https://www.youtube.com/watch?v=GccCWo_eZdw,1,1,"('UCqFjmWwW14d57EI6tJTdMFA',)",{1}
https://www.youtube.com/watch?v=VnVCHheKt28,1,1,"('UCrcixWG93thNiwzPCTOTfFg',)",{1}
https://youtu.be/7v554QtlGKs,1,1,"('UC3ltmdzLS4zkV5ZW7rcUPYw',)",{1}
https://ucr.fbi.gov/crime-in-the-u.s/2018/crime-in-the-u.s.-2018/tables/expanded-homicide-data-table-6.xls,1,1,"('UCz7CsMwSvjeUa6E0dAatFqQ',)",{1}
https://www.youtube.com/channel/UC0gkKMGpCgyun7OoEOseryg,1,1,"('UC4RVTe6ACZNe2wInsw8r1cA',)",{1}
https://www.youtube.com/watch?v=HRECVdWGEmA,1,1,"('UCgC3eqZvgI6T_l-MvNu_Mhg',)",{1}
https://www.news.com.au/finance/real-estate/buying/australia-will-pay-foreigners-up-to-50000-to-buy-a-new-home-as-perth-market-set-to-boom/news-story/21eebff2400bce7bad548c656aa491a4,1,1,"('UCph6oX0dvF4cZkM3CD6A53Q',)",{1}
https://shorturl.ca/urflirtyjoybigboob5,1,1,"('UC6ZVzRfWgINrPQ8_YWkt0ow',)",{1}
https://youtu.be/DVbbctaYEn4,1,1,"('UC_kIUH3b8fWfdZDVZxtBiHA',)",{1}
https://youtu.be/EppoOz_7VI8,1,1,"('UCDg4NsVxh0oLL9pgD7lnVBA',)",{1}
https://www.youtube.com/watch?v=4Sy-9UnO_hE&t=1228s,1,1,"('UCfMSgiVYAwLTcZPGlttdBGA',)",{1}
https://instagram.com/johnnydepprealsupporters,1,1,"('UCWt3aT_htE8XwbSOw5MMf6Q',)",{1}
https://youtu.be/14y_VIJ2ZbM,1,1,"('UC9eGgyqiMTKNvqaVALlKOMg',)",{1}
https://www.relationship-development.com/female-narcissistic-abuse-are-you-a-victim/,1,1,"('UC4gTGzcgZ5DOU2XwKQ-ZPwQ',)",{1}
https://youtu.be/kXfxtcm6K-E,1,1,"('UC9WLaYMBHhMbSDrttWc253g',)",{1}
usmovieplay.blogspot.com/tt0974015/tsu.html,1,1,"('UCRlNy6LPJcRHbSGErZS5OnQ',)",{1}
moviewiacin.blogspot.com/tt0974015/hd.html,1,1,"('UCA79ujbc5BWK59_ZyBPBTFQ',)",{1}
https://www.youtube.com/watch?v=04Cz-uOognU&t=125s,1,1,"('UCDfogmfijLnoGL3yQxrpV1w',)",{1}
https://youtu.be/pb3vJ20zTFM,1,1,"('UCFc_Z660d4Vhf9bkWZMWQlg',)",{1}
https://www.nickwallis.com/depp-trial-witness-statements,1,1,"('UCSJCTT-c69PZHfPbLaVJInw',)",{1}
https://youtu.be/mN1B-H7i0nE,1,1,"('UCLIbuuVTqRXc14drjEy6dzg',)",{1}
https://www.youtube.com/watch?v=_hCsuvdPWsk,1,1,"('UCToG68AKv6RL-JEf39DQXxw',)",{1}
https://youtu.be/IW-oVKrHupY,1,1,"('UC1kssm_rprO1ze1SgqMuHGg',)",{1}
https://www.youtube.com/channel/UCDHSukTkKie2KJuBHkFLnag,1,1,"('UCAk03rcNVtLK1_LlgRTOh2w',)",{1}
https://youtu.be/0DCQLKnI964,1,1,"('UCOlAMcvpOMZZV2OPfnGvdBA',)",{1}
https://apple.news/AuF6RWqxtQW6CmKyKLwGBVA,1,1,"('UCz_ziIWrVJMFRfs1BSerZJA',)",{1}
https://youtu.be/9-HKPZMFMtw,1,1,"('UC7FEEy9uAThNWxfbfZXIGQQ',)",{1}
https://hoop.photo/share/QW9OYpSLzzdgHbPN4WoIJ7bJ12o2,1,1,"('UCOLnLf8QkPuPKLTDU52kkBA',)",{1}
https://www.conceptofscience.com/search?q=mars,1,1,"('UCptqMBUMzLgYqy_KqTlckuA',)",{1}
https://www.change.org/p/dc-entertainment-remove-amber-heard-from-aquaman-2?recruiter=1083603124&utm_source=share_petition&utm_medium=twitter&utm_campaign=psf_combo_share_abi&recruited_by_id=e2fac2d0-8ae5-11ea-9524-a1fc449869f3,1,1,"('UC8yi2PfwBRxKOLqrordXssw',)",{1}
https://youtube.com/BBCUkrainian,1,1,"('UCItGkqTUjqDu6WkMmyjDnNA',)",{1}
https://www.theguardian.com/media/2002/oct/02/dailystar.pressandpublishing,1,1,"('UC6snQlsIU1577AICaGYdj6g',)",{1}
https://youtu.be/a_DQ_4i-iAs,1,1,"('UCtu-xLxDLYn4vnh3OWK5cTg',)",{1}
https://www.youtube.com/watch?v=1xRTr5VRteU,1,1,"('UCxcJNwfzgWs3CY4mKHqsXHw',)",{1}
https://youtu.be/1khEVKpz6Qw,1,1,"('UCD-1sJ6LD-BSkhj4yu8au2Q',)",{1}
https://www.youtube.com/watch?v=ySUF1TBpmrQ&t=63s,1,1,"('UCqFRAmBtavFh7-p8QTpvT4w',)",{1}
https://www.youtube.com/watch?v=6WebOJ543WI,1,1,"('UCz3iDmBxfYhBccxgOk2f9rQ',)",{1}
https://youtu.be/JzNo5QjusqQ,1,1,"('UCsvgwBR6pk017Hz4TdO-V3g',)",{1}
https://youtu.be/DXDGE_lRI0E,1,1,"('UCLPQ_HAZJ16fFEVwKEa-4zQ',)",{1}
https://youtu.be/TV0FA3yKohI,1,1,"('UC4cZU7OvrqRDh526WCxycgw',)",{1}
https://youtu.be/_aB_5Rcgp_c,1,1,"('UChAU60GuSGLf4v8HyBZExIw',)",{1}
https://www.youtube.com/watch?v=FNdHrUKLdN0,1,1,"('UC5uRdvDQB8YUEIsZ-vSf0LQ',)",{1}
http://chng.it/j4QLjdKfFP,1,1,"('UC0NoS-aaG7c8T8rODGNGTlA',)",{1}
https://www.complex.com/pop-culture/2020/02/audio-recordings-amber-heard-johnny-depp-abuse,1,1,"('UCIxwYZdHk6wRD9iGD2ZwZbQ',)",{1}
https://scholar.google.com/scholar?hl=en&as_sdt=0%2C44&q=signs+of+domestic+violence&btnG=#d=gs_qabs&u=%23p%3DFGl6mZOuxIoJ,1,1,"('UCB38coMJdku-fb58ltweo1Q',)",{1}
https://youtu.be/R0ySOyDB0ro,1,1,"('UCbgIWeSYjsEXWveIu7WUycw',)",{1}
https://youtu.be/BV_5IKr8WQo,1,1,"('UCoIrnTbLTQKj4vBX_dHSbJw',)",{1}
https://youtu.be/Sr2xEit4m9I,1,1,"('UCV8gTTVkfBvh4VYM37NDptQ',)",{1}
http://chng.it/ZxZTdbsGFK,1,1,"('UCTL5F2vDgqzUgyiFNZ8OM8A',)",{1}
https://www.youtube.com/watch?v=-VUlLWeQf_8,1,1,"('UCwooVKbPMSxI2CJZMTe_sew',)",{1}
https://www.youtube.com/watch?v=_lHfE0amZpI,1,1,"('UC2Uf5FmQ8OrrlBLdbLoR_hw',)",{1}
https://jambernews.wordpress.com/2016/06/24/amber-heard-record/,1,1,"('UCBA14YU5YEvzzAQ-FxRImkQ',)",{1}
https://law.yale.edu/sites/default/files/area/center/isp/documents/fighting_fake_news_-_workshop_report.pdf,1,1,"('UC7-wYnS1a9YvWPKe_C8m-uA',)",{1}
https://www.liverpoolecho.co.uk/news/liverpool-news/boyfriend-guilty-throttling-kicking-beloved-19472065,1,1,"('UCmfa3Ua9Y1EzOGoaerWha5Q',)",{1}
https://m.youtube.com/watch?v=Fnb_lnLHvPs,1,1,"('UCWSWsXF-AbROAwK7H622oCQ',)",{1}
https://www.youtube.com/channel/UCIrk7WOVCNOe1J0G-Q5qS-A,1,1,"('UCIrk7WOVCNOe1J0G-Q5qS-A',)",{1}
https://www.youtube.com/watch?v=TAWYQOK6lp8&lc=UgzNjCULcEiVSQqZfpV4AaABAg,1,1,"('UC3kbU8uhuBj78K2guX7GoCg',)",{1}
https://www.youtube.com/watch?v=ljYj944-Jc4,1,1,"('UCtircd31vBFhjMppoGW7iyw',)",{1}
https://www.pinterest.com/pin/749990144191846583,1,1,"('UC2qdtoE4av9TNHtWSfR5MQA',)",{1}
https://www.youtube.com/watch?v=5NF5lgfC8oQ,1,1,"('UCkRMDSF_rPMegJ8dxS97Quw',)",{1}
https://www.cdc.gov/coronavirus/2019-ncov/daily-life-coping/children/protect-children.html,1,1,"('UCIup-o6oZjUEpfMDKCb6gIQ',)",{1}
http://chng.it/BqTXG47gZj,1,1,"('UCgXsFjCyLxQWN0pAGVvxgpg',)",{1}
https://ofcomforms.secure.force.com/formentry/SitesFormCSLEStandardsComplaints,1,1,"('UCY-JYSynlsvE-BiFyYUst9Q',)",{1}
https://youtu.be/k9pbrBmHI58,1,1,"('UCmp0O0ATl4vkKMrpoPseVaA',)",{1}
https://www.johnlewis.com/dior-sauvage-spray-eau-de-toilette/p2095366?sku=236346887&size=200ml&s_ppc=2dx92700053879145506&tmad=c&tmcampid=2&gclid=CjwKCAiAt9z-BRBCEiwA_bWv-ERvlt3hg1VhSTRgeM9pwGe2ZIvRzSwlQ5AAAtFnyuAQbQQZrwUsnhoCSMcQAvD_BwE&gclsrc=aw.ds,1,1,"('UC5S9wprU12g6UPiJ54BZasg',)",{1}
https://t.co/NY8ULHrWGk,1,1,"('UC0zMcGW8MNF7VJ7ynQriobw',)",{1}
https://youtu.be/rVYo2cz6_ME,1,1,{'UCSJfdXQunfQdoj8w1u3UcSA'},{2}
