__typename,id,createdAt,signatureCount,petition__slug,title,description,photo,video,embeddedMedia,dmResponse,status_manual
MilestonePetitionUpdate,28245649,2020-12-19 03:54:09+00:00,100000.0,justice-for-johnny-depp,,,,,,,against
MilestonePetitionUpdate,28262907,2020-12-23 16:55:48+00:00,50.0,warner-brothers-replace-amber-heard-in-justice-league-with-danny-devito-in-a-wig,,,,,,,against
MilestonePetitionUpdate,28253188,2020-12-21 08:30:09+00:00,25.0,warner-brothers-replace-amber-heard-in-justice-league-with-danny-devito-in-a-wig,,,,,,,against
MilestonePetitionUpdate,28252485,2020-12-21 02:30:58+00:00,10.0,warner-brothers-replace-amber-heard-in-justice-league-with-danny-devito-in-a-wig,,,,,,,against
MilestonePetitionUpdate,28252256,2020-12-21 00:40:31+00:00,5.0,warner-brothers-replace-amber-heard-in-justice-league-with-danny-devito-in-a-wig,,,,,,,against
MilestonePetitionUpdate,28188339,2020-12-08 20:34:41+00:00,200.0,warner-brothers-we-re-not-getting-paid-for-this-fire-amber-heard,,,,,,,against
MilestonePetitionUpdate,28147340,2020-12-01 01:33:38+00:00,30000.0,warner-brothers-amber-heard-does-not-deserve-to-play-mera-in-the-next-aquaman-film,,,,,,,against
MilestonePetitionUpdate,28261639,2020-12-23 09:35:52+00:00,2500.0,the-judicial-conduct-investigations-office-a-official-review-the-judicial-misconduct-of-judge-nicol-in-the-johnny-depp-libel-case,,,,,,,against
MilestonePetitionUpdate,28175376,2020-12-06 06:26:03+00:00,2000.0,the-judicial-conduct-investigations-office-a-official-review-the-judicial-misconduct-of-judge-nicol-in-the-johnny-depp-libel-case,,,,,,,against
MilestonePetitionUpdate,28241483,2020-12-18 08:04:33+00:00,2500.0,walt-disney-bring-johnny-depp-back-to-pirates-of-the-caribbean,,,,,,,against
MilestonePetitionUpdate,28177478,2020-12-06 18:43:54+00:00,2000.0,walt-disney-bring-johnny-depp-back-to-pirates-of-the-caribbean,,,,,,,against
MilestonePetitionUpdate,28272447,2020-12-27 06:12:08+00:00,250.0,the-walt-disney-company-petition-to-not-watch-disney-productions-until-they-let-johnny-depp-back-in,,,,,,,against
MilestonePetitionUpdate,28257363,2020-12-22 09:26:13+00:00,200.0,the-walt-disney-company-petition-to-not-watch-disney-productions-until-they-let-johnny-depp-back-in,,,,,,,against
MilestonePetitionUpdate,28235463,2020-12-17 05:21:35+00:00,100.0,the-walt-disney-company-petition-to-not-watch-disney-productions-until-they-let-johnny-depp-back-in,,,,,,,against
MilestonePetitionUpdate,28234438,2020-12-17 00:50:00+00:00,50.0,the-walt-disney-company-petition-to-not-watch-disney-productions-until-they-let-johnny-depp-back-in,,,,,,,against
MilestonePetitionUpdate,28233982,2020-12-16 23:07:38+00:00,25.0,the-walt-disney-company-petition-to-not-watch-disney-productions-until-they-let-johnny-depp-back-in,,,,,,,against
MilestonePetitionUpdate,28233145,2020-12-16 20:30:14+00:00,10.0,the-walt-disney-company-petition-to-not-watch-disney-productions-until-they-let-johnny-depp-back-in,,,,,,,against
MilestonePetitionUpdate,28232779,2020-12-16 19:22:32+00:00,5.0,the-walt-disney-company-petition-to-not-watch-disney-productions-until-they-let-johnny-depp-back-in,,,,,,,against
MilestonePetitionUpdate,28198563,2020-12-10 15:50:37+00:00,17500.0,hollywood-boycott-aquaman-2-amber-heard,,,,,,,against
MilestonePetitionUpdate,28170901,2020-12-05 04:01:49+00:00,15000.0,hollywood-boycott-aquaman-2-amber-heard,,,,,,,against
MilestonePetitionUpdate,28149599,2020-12-01 14:03:12+00:00,12500.0,hollywood-boycott-aquaman-2-amber-heard,,,,,,,against
MilestonePetitionUpdate,28281175,2020-12-29 18:14:39+00:00,1000.0,cbs-remove-amber-heard-from-the-stand-2020,,,,,,,against
MilestonePetitionUpdate,28258546,2020-12-22 16:21:06+00:00,750.0,cbs-remove-amber-heard-from-the-stand-2020,,,,,,,against
MilestonePetitionUpdate,28199807,2020-12-10 19:38:16+00:00,500.0,cbs-remove-amber-heard-from-the-stand-2020,,,,,,,against
MilestonePetitionUpdate,28177990,2020-12-06 21:02:09+00:00,50.0,everyone-cancel-amber-heard-domestic-abuser,,,,,,,against
MilestonePetitionUpdate,28184938,2020-12-08 07:17:22+00:00,100.0,supreme-court-make-amber-heard-face-charges-for-abuse-against-johnny-depp,,,,,,,against
MilestonePetitionUpdate,28223328,2020-12-15 06:14:38+00:00,25.0,movie-goers-and-supporters-of-johnny-depp-remove-amber-heard-and-robbie-margot-from-pirates-of-the-carribean-fran-chise,,,,,,,against
MilestonePetitionUpdate,28150018,2020-12-01 15:26:31+00:00,10.0,movie-goers-and-supporters-of-johnny-depp-remove-amber-heard-and-robbie-margot-from-pirates-of-the-carribean-fran-chise,,,,,,,against
MilestonePetitionUpdate,28284578,2020-12-30 17:01:53+00:00,250.0,amber-heard-a-public-letter-to-amber-heard,,,,,,,against
MilestonePetitionUpdate,28283788,2020-12-30 12:16:48+00:00,200.0,amber-heard-a-public-letter-to-amber-heard,,,,,,,against
StarterPetitionUpdate,28283650,2020-12-30 10:53:13+00:00,,amber-heard-a-public-letter-to-amber-heard,A public letter to AMBER HEARD the Audio,"<p><strong>Welcome! </strong></p>
<p>Thank you to all who have signed this petition so far. Many of you will have found your way here through our full length video on Youtube.</p>
<p>But if you have just stumbled across this please watch the accompanying video to add much needed context.</p>",,"{'photo': {'id': '225023216', 'petitionMedium': {'url': '//assets.change.org/photos/0/bt/qo/dPbTqOIiZYnjjHu-800x450-noPad.jpg?1609325595', 'processing': False}}}",,,against
MilestonePetitionUpdate,28282868,2020-12-30 03:39:37+00:00,100.0,amber-heard-a-public-letter-to-amber-heard,,,,,,,against
MilestonePetitionUpdate,28282416,2020-12-30 00:37:08+00:00,50.0,amber-heard-a-public-letter-to-amber-heard,,,,,,,against
MilestonePetitionUpdate,28282327,2020-12-30 00:07:01+00:00,25.0,amber-heard-a-public-letter-to-amber-heard,,,,,,,against
MilestonePetitionUpdate,28282253,2020-12-29 23:35:48+00:00,10.0,amber-heard-a-public-letter-to-amber-heard,,,,,,,against
MilestonePetitionUpdate,28282201,2020-12-29 23:21:48+00:00,5.0,amber-heard-a-public-letter-to-amber-heard,,,,,,,against
MilestonePetitionUpdate,28198436,2020-12-10 15:22:23+00:00,2500.0,warner-brothers-bring-back-johnny-depp-as-gellert-grindelwald-in-the-fantastic-beasts-franchise,,,,,,,against
MilestonePetitionUpdate,28289091,2020-12-31 21:38:19+00:00,25.0,people-for-the-ethical-treatment-of-animals-peta-where-are-amber-heard-dogs-pistol-and-boo,,,,,,,related
MilestonePetitionUpdate,28245639,2020-12-19 03:51:02+00:00,750.0,walt-disney-revoke-the-decision-not-to-cast-johnny-depp-in-disney-s-pirates-of-the-carribbean-jfj,,,,,,,against
MilestonePetitionUpdate,28261377,2020-12-23 07:38:33+00:00,3000.0,warner-brothers-do-not-fire-amber-heard-of-aquaman-2,,,,,,,for
MilestonePetitionUpdate,28261374,2020-12-23 07:37:39+00:00,3000.0,warner-brothers-do-not-fire-amber-heard-of-aquaman-2,,,,,,,for
MilestonePetitionUpdate,28210749,2020-12-12 19:40:48+00:00,2500.0,warner-brothers-do-not-fire-amber-heard-of-aquaman-2,,,,,,,for
MilestonePetitionUpdate,28200551,2020-12-10 22:05:25+00:00,2000.0,warner-brothers-do-not-fire-amber-heard-of-aquaman-2,,,,,,,for
MilestonePetitionUpdate,28274769,2020-12-27 23:53:23+00:00,10.0,united-nations-remove-amber-heard-as-a-spokesperson-for-harry-walker-agency-for-domestic-violence,,,,,,,against
MilestonePetitionUpdate,28271357,2020-12-26 19:55:57+00:00,5.0,united-nations-remove-amber-heard-as-a-spokesperson-for-harry-walker-agency-for-domestic-violence,,,,,,,against
MilestonePetitionUpdate,28211077,2020-12-12 20:52:25+00:00,5.0,walt-disney-johnny-depp-for-the-next-sith-lord,,,,,,,against
MilestonePetitionUpdate,28208087,2020-12-12 05:14:33+00:00,5.0,walt-disney-johnny-depp-for-the-next-sith-lord,,,,,,,against
MilestonePetitionUpdate,28206779,2020-12-11 23:07:56+00:00,5.0,walt-disney-johnny-depp-for-the-next-sith-lord,,,,,,,against
MilestonePetitionUpdate,28206124,2020-12-11 20:49:43+00:00,5.0,walt-disney-johnny-depp-for-the-next-sith-lord,,,,,,,against
MilestonePetitionUpdate,28266263,2020-12-24 15:15:19+00:00,10.0,all-amber-heard-movies-to-get-amber-heard-removed-from-all-of-her-movies-and-get-johnny-depp-back-in-his-movies,,,,,,,against
MilestonePetitionUpdate,28265706,2020-12-24 10:32:42+00:00,5.0,all-amber-heard-movies-to-get-amber-heard-removed-from-all-of-her-movies-and-get-johnny-depp-back-in-his-movies,,,,,,,against
MilestonePetitionUpdate,28264297,2020-12-23 23:59:35+00:00,1500.0,warner-brothers-keep-johnny-depp-as-grindlewald,,,,,,,against
MilestonePetitionUpdate,28191047,2020-12-09 09:01:09+00:00,1000.0,warner-brothers-keep-johnny-depp-as-grindlewald,,,,,,,against
MilestonePetitionUpdate,28153818,2020-12-02 04:36:53+00:00,750.0,warner-brothers-keep-johnny-depp-as-grindlewald,,,,,,,against
MilestonePetitionUpdate,28271354,2020-12-26 19:55:35+00:00,750.0,zack-snyder-amber-heard-out-ir-justice-league,,,,,,,against
MilestonePetitionUpdate,28265787,2020-12-24 11:37:59+00:00,500.0,zack-snyder-amber-heard-out-ir-justice-league,,,,,,,against
MilestonePetitionUpdate,28234233,2020-12-17 00:00:20+00:00,250.0,zack-snyder-amber-heard-out-ir-justice-league,,,,,,,against
MilestonePetitionUpdate,28232195,2020-12-16 17:39:38+00:00,200.0,zack-snyder-amber-heard-out-ir-justice-league,,,,,,,against
MilestonePetitionUpdate,28221305,2020-12-14 21:52:09+00:00,100.0,zack-snyder-amber-heard-out-ir-justice-league,,,,,,,against
MilestonePetitionUpdate,28216411,2020-12-14 00:41:01+00:00,50.0,zack-snyder-amber-heard-out-ir-justice-league,,,,,,,against
MilestonePetitionUpdate,28216111,2020-12-13 23:19:41+00:00,25.0,zack-snyder-amber-heard-out-ir-justice-league,,,,,,,against
MilestonePetitionUpdate,28215996,2020-12-13 22:45:53+00:00,10.0,zack-snyder-amber-heard-out-ir-justice-league,,,,,,,against
MilestonePetitionUpdate,28210874,2020-12-12 20:04:40+00:00,5.0,zack-snyder-amber-heard-out-ir-justice-league,,,,,,,against
MilestonePetitionUpdate,28174648,2020-12-06 00:41:34+00:00,4000.0,warner-brothers-get-johnny-depp-his-role-in-fantastic-beasts-back-arrest-fire-amber-heard-from-aquaman-2,,,,,,,against
MilestonePetitionUpdate,28157853,2020-12-02 20:35:30+00:00,250.0,warner-brothers-we-bring-back-johnny-depp-as-grindelwald,,,,,,,against
MilestonePetitionUpdate,28289087,2020-12-31 21:35:40+00:00,50.0,the-sun-warner-bros-is-not-boiccoted-the-fault-is-of-the-judge-andrew-nicol-and-the-sun-newspaper,,,,,,,against
MilestonePetitionUpdate,28261868,2020-12-23 11:27:38+00:00,25.0,the-sun-warner-bros-is-not-boiccoted-the-fault-is-of-the-judge-andrew-nicol-and-the-sun-newspaper,,,,,,,against
MilestonePetitionUpdate,28236372,2020-12-17 10:31:40+00:00,10.0,the-sun-warner-bros-is-not-boiccoted-the-fault-is-of-the-judge-andrew-nicol-and-the-sun-newspaper,,,,,,,against
MilestonePetitionUpdate,28173948,2020-12-05 21:08:28+00:00,10.0,johnny-depp-reopening-the-amber-heard-vs-johnny-depp-abuse-case-for-actual-justice-to-be-carried-out,,,,,,,against
MilestonePetitionUpdate,28172693,2020-12-05 15:25:09+00:00,5.0,johnny-depp-reopening-the-amber-heard-vs-johnny-depp-abuse-case-for-actual-justice-to-be-carried-out,,,,,,,against
MilestonePetitionUpdate,28263855,2020-12-23 21:20:23+00:00,750.0,the-sun-justice-for-johnny-depp,,,,,,,against
MilestonePetitionUpdate,28158410,2020-12-02 22:20:54+00:00,500.0,the-sun-justice-for-johnny-depp,,,,,,,against
MilestonePetitionUpdate,28278982,2020-12-29 03:37:32+00:00,200.0,warner-brothers-warner-brothers-apologise-to-johnny-depp-and-give-him-his-job-back,,,,,,,against
MilestonePetitionUpdate,28178184,2020-12-06 22:03:17+00:00,6000.0,queremos-que-deborah-ann-woll-reemplace-a-amber-heard-como-mera-en-aquaman-2,,,,,,,against
MilestonePetitionUpdate,28178117,2020-12-06 21:38:31+00:00,25.0,audience-make-amber-heard-release-the-7million-donation-receipt,,,,,,,against
MilestonePetitionUpdate,28174840,2020-12-06 02:03:32+00:00,75000.0,l-oréal-remove-amber-heard-as-l-oreal-spokesperson,,,,,,,against
MilestonePetitionUpdate,28269370,2020-12-25 22:25:20+00:00,1000.0,change-org-enough-is-enough-justice-for-johnny-depp,,,,,,,against
MilestonePetitionUpdate,28205612,2020-12-11 19:13:42+00:00,750.0,change-org-enough-is-enough-justice-for-johnny-depp,,,,,,,against
MilestonePetitionUpdate,28186428,2020-12-08 14:55:45+00:00,500.0,change-org-enough-is-enough-justice-for-johnny-depp,,,,,,,against
StarterPetitionUpdate,28238094,2020-12-17 17:27:00+00:00,,the-governors-of-the-states-california-texas-virginia-and-to-johnny-depp-usa-save-the-life-of-johnny-depp-and-his-career,#СТАТЬИ_и_ИНТЕРВЬЮ,"<p> </p>
<p><em><strong>""Он смешной, потому что он один из самых красивых мужчин в мире, а он тщательно это скрывает"". Хелена Бонем Картер.</strong></em></p>
<p><strong>Джонни Депп: ""Иногда мне хочется сидеть на крылечке и пускать слюни""</strong> № 133, 23 Июля 2009г.</p>
<p><strong>""Эскапизм для меня</strong> <strong>- это способ выживания""</strong> (эскапизм - уход от действительности, если  кратко)</p>
<p><em><strong>- Жизнь во Франции изменила ваше представление о мире?</strong> </em><br>- Несмотря на то что у нас дом на юге Франции, большую часть времени мы проводим в Штатах - наши дети ходят здесь в школу. Франция дает мне ощущение покоя и дарит роскошь более простой жизни, потому что мы живем за городом, не убиваем время в ожидании звонков от агентов и руководителей студий - вы знаете, что я имею в виду. Жизнь там намного проще. Но я стал еще больше ценить не только Соединенные Штаты - еще Калифорнию и Лос-Анджелес. Людям полезно отдалиться от того места, где они живут.</p>
<p><em><strong>- Получается, что вы в определенной степени отдали дань своей родословной, которая берет начало от французских гугенотов?</strong></em></p>
<p>- Да, точно. Где-то между XVI и XVII веками.</p>
<p><em><strong>- Вы стали легендой при жизни. У вас есть рецепт того, как стать легендарным?</strong></em></p>
<p>- Я думаю, это можно сделать двумя способами: или улучшать жизнь людей, или убивать их.</p>
<p><em><strong>- Тогда что вы думаете о парадоксе: зрители больше симпатизируют плохим парням, чем хорошим?</strong></em></p>
<p>- Это зависит от того, какой смысл мы вкладываем в определение ""плохой парень"". Если бы я стоял перед выбором, к кому мне можно повернуться спиной и чувствовать себя в безопасности - к Эдгару Гуверу (бывший директор ЦРУ. - ""Труд-7"") или Джону Диллинджеру, - я бы предпочел Диллинджера. Гувер был липким, липким человеком, он оказывал влияние на правительство в течение многих лет. Что касается обаяния плохих парней, то это величина, зависимая от нашего сознания. Люди всегда останавливаются, чтобы получше рассмотреть автомобильную аварию. Вы не считаете это глупым занятием?</p>
<p><em><strong>- Можете ли вы сравнить свою собственную славу со славой Джона Диллинджера - в популярном чикагском кинотеатре ""Биограф"" его в свое время никто не узнал. Думаю, вы бы не остались незамеченным в шляпе и черных очках.</strong></em></p>
<p>- Это, конечно, нечто. Бродить по улицам и оставаться неузнанным - большое удовольствие. Но иметь возможность пойти со своими детьми в магазин, ресторан, Диснейленд или куда-либо еще и не попасться на удочку какому-нибудь фрику - это великолепно. Джон Диллинджер, конечно, был грабителем банков, это целый бизнес, но он имел возможность смешаться с толпой. Он спокойно просачивался через полицейские кордоны, приговаривая: ""Как поживаете? Как ваши дела?"" И все у него было в порядке, никаких проблем. А на Всемирной ярмарке 1933 года он вручил свой фотоаппарат полицейскому и спросил: ""Щелкнешь меня с моей подружкой?"" (Смеется.)</p>
<p><em><strong>- Есть ли на земле место, где бы вы остались неузнанным?</strong></em></p>
<p>- Хм, да (смеется). Маленький остров на Багамах. (Депп - владелец острова Little Hall's Pond Cay, который он приобрел за 3,6 миллиона долларов. На острове шесть пляжей, каждый из которых назван в честь дорогих ему людей - жены Ванессы Паради, детей Лили Роуз и Джека, а также Хантера Томпсона и Марлона Брандо. Пляж Heath's Place назван в честь Хита Леджера. - ""Труд-7""). Я там спокойно расхаживаю. Эскапизм для меня - способ выживания. ""Где семья, там и дом""</p>
<p><em><strong>- Как вам кажется, судьба Джона Диллинджера - пример того, как должен прожить свою жизнь мужчина?</strong></em></p>
<p>- Да, во многом это так. К счастью, лично мне не приходится выходить из дома с двумя кольтами 45-го калибра под мышками и автоматом Томсона в руках. До этого еще не дошло, слава богу. Надо понимать, что представлял собой Джон Диллинджер в те времена, особенно в 1933-м, когда банки были врагами, обдиравшими клиентов как липку, а люди вроде Джона Эдгара Гувера были хуже любых преступников. Диллинджер решил, что это его долг, который он будет выполнять столько времени, насколько его хватит. Я тоже решил идти только вперед и делать то, что считаю нужным. Правда, я стараюсь не обижать никого из тех, кого встречаю на своем пути. А перед Диллинджером я преклоняюсь.</p>
<p><em><strong>- Говорят, что вы с Диллинджером чуть ли не земляки.</strong></em></p>
<p>- Я родом из Овенсборо, штат Кентукки, а Джон Диллинджер с юга Индианы, что всего в 80 милях оттуда, поэтому немудрено, что у нас с ним много общего. Я это явно почувствовал, когда услышал голос его отца, напомнивший мне голос моего дедушки. В 1930-х нашел себе занятие по душе - днем он водил автобус, по ночам гнал самогон для засушливых округов. Работал в сфере услуг, можно сказать. Из воспоминаний о своей семье, своем отчиме, который провел несколько лет, обучаясь уму-разуму в Стейтсвильской тюрьме, - из всех этих ингредиентов я собрал образ Диллинджера. К сожалению, записи голоса самого Джона я так и не обнаружил - видимо, ее не существует. И отснятого материала с его изображением не так-то много. Но мне удалось представить себе его походку и вообще то, как он двигался. Думаю, меня просто посетил дух Диллинджера. А я верю в духов - не зря же в моих жилах течет индейская кровь.</p>
<p><em><strong>- Откуда взялись индейцы в вашей семье?</strong></em></p>
<p>- Это в основном со стороны моей матери. Мои прабабушка и дедушка по материнской линии были чероки. Я, видимо, унаследовал их гены. У дедушки была запоминающаяся внешность - скульптурное лицо с высокими скулами. Очень выразительное.</p>
<p><em><strong>- У русских тоже высокие скулы, как вы, наверное, знаете.</strong></em></p>
<p>- Давайте откроем совместный бизнес по имплантации скул! (Смеется.)</p>
<p><em><strong>- Это правда, что вы были странным ребенком?</strong></em></p>
<p>- Да, это потому, что я все делал дважды, то есть как бы копировал самого себя. Например, после того как выпивал стакан воды, я снова брал его в руки и притворялся, что пью, повторяя все движения, которые делал в первый раз. Это, конечно, было странным. Правда, ни один человек не хочет, чтобы окружающие думали, что он ненормальный, поэтому старается скрывать индивидуальность.</p>
<p><em><strong>- Страсть к путешествиям у вас от матери?</strong></em></p>
<p>- Мы переезжали с места на место, как цыгане. Лет с пяти и до того, как я стал подростком, мы сменили 30 или 40 домов. В то время мне казалось, что это вполне нормально - мол, где семья, там и дом. А домом я называю места, где мы жили, квартиры, фермы, мотели. В конце концов мы сняли настоящий дом, а вскоре переехали в дом напротив. Однажды я спросил маму, зачем мы так часто переезжаем. Ее ответ был невнятным.</p>
<p><em><strong>- Она развелась с вашим отцом?</strong></em></p>
<p>- Да, он ушел после 20 лет совместной жизни. Он был для нее всем - другом, любовником, отцом ее детей. Когда это случилось, мне было 15 лет. Вот тогда-то я и осознал, что они оба - самые дорогие мне люди. Я сильно переживал, но от боли было некуда бежать.</p>
<p><em><strong>- Увлечение музыкой помогло вам пережить это горе?</strong></em></p>
<p>- Когда мне было 12 лет, мама купила мне электрическую гитару за 25 долларов. Я считаю, музыка вообще спасла мне жизнь.</p>
<p><em><strong>- Это правда, что вживаться в роли вам помогает музыка?</strong></em></p>
<p>- Конечно. У каждого из наших ежедневных разговоров есть что-то вроде саундтрека - будь то сигналы машин на улице или шелест бумаги. Я стараюсь, чтобы музыка всегда была со мной. Ирония состоит в том, что на съемках у Майкла Манна я чаще всего слушал композицию Арти Шоу ""Кошмары"". И она подходит почти что к каждой сцене.</p>
<p><em><strong>- Как вы зарабатывали себе на жизнь, когда оказались на мели с вашей музыкальной группой?</strong></em></p>
<p>- Я занимался телемаркетингом и продавал рекламу - это была ужасная работа. ""Не думаю, что из меня бы получился хороший супермен в трико""</p>
<p><em><strong>- Как вам работалось с Марион Котийяр? Насколько важны для сюжета любовные отношения между вашими персонажами?</strong></em></p>
<p>- В фильме нет ничего важнее любви, Диллинджер полностью посвящает себя Билли. Так было и в реальной жизни. Искры летели, когда они встречались. Они оба были никому не нужными аутсайдерами и идеально подходили друг другу. А Марион идеально подошла для этой роли. За несколько месяцев до начала съемок она уже была в Чикаго, работая над акцентом. Она любит повторять, что я был с ней терпелив, но я думаю, что это она была терпелива по отношению ко мне.</p>
<p><em><strong>- Марион сказала, что согласно ее исследованиям после смерти Джона Диллинджера Эдгар Гувер хранил в банке его большой пенис. А вам попадалась на глаза подобная информация?</strong></em></p>
<p>- Да, попадалась, и оказалось, что у меня точно такой же (смеется).</p>
<p><em><strong>- Именно поэтому Марион была напугана предстоящими любовными сценами?</strong></em></p>
<p>- Нет, она просто не любит обнажаться, считает, что это слишком интимно.</p>
<p><em><strong>- Вы сказали, что Диллинджер жил во времена, когда мужчины были настоящими. Считаете ли вы, что в наше время они перевелись?</strong></em></p>
<p>- Вы просто посмотрите на моду тех времен: мужчины носили шляпы, костюмы, галстуки и пальто, что не свойственно современным мужчинам. В 30-е было мало таблоидов и совсем не было реалити-шоу, которые представляют собой последнюю стадию вуайеризма. Невероятно, что сегодня творится на телевидении. Если бы Диллинджер восстал из могилы и увидел все это, то сбежал бы куда подальше от безумия, к которому мы привыкли. Технический прогресс явно изменил наше сознание.</p>
<p><em><strong>- Что делает вас мужчиной?</strong></em></p>
<p>- Смена пола сделала меня мужчиной (смеется). Если серьезно, папаша получился из меня довольно-таки хороший, как мне кажется. Я стараюсь быть честным с собой и с теми, кого люблю.</p>
<p><em><strong>- Разве роль мужчины не ассоциируется у вас с храбростью, отвагой, уверенностью в себе?</strong></em></p>
<p>- Не знаю, насколько я отважен. А для того, чтобы это узнать, мне нужно оказаться в определенных обстоятельствах, а иначе никогда не угадаешь.</p>
<p><em><strong>- А что в таком случае делает вас женщиной?</strong></em></p>
<p>- Опять смена пола. Я то и дело перебегаю из одного пола в другой - туда-сюда, туда-сюда. А почему бы и нет?</p>
<p><em><strong>- Вы сравнивали себя с Диллинджером, который тоже жил на грани, пренебрегая своим здоровьем.</strong></em></p>
<p>- Я жил на грани довольно-таки короткий период времени.</p>
<p><em><strong>- Однако вам нравится играть антигероев и бунтарей.</strong></em></p>
<p>- Не думаю, что из меня получился бы хороший супермен и что мне подошло бы его трико.</p>
<p><em><strong>- У вас вроде бы есть все, о чем многие только могут мечтать: дома, яхта, остров. Как думаете, смогли бы вы обойтись без всего этого?</strong></em></p>
<p>- Бывает, я не хочу, чтобы меня спрашивали о кино и славе. Вместо этого мне хочется просто сидеть у себя на крылечке и пускать слюни. </p>
<p>Корреспондент Галкина Галя</p>
<p>Сообщество Все о Джонни Деппе. 18+</p>
<p>Основной источник: <a href=""https://www.trud.ru/article/23-07-2009/225658_dzhonni_depp_inogda_mne_xochetsja_sidet_na_krylechke_i_puskat_sljuni.html"" rel=""nofollow"">https://www.trud.ru/article/23-07-2009/225658_dzhonni_depp_inogda_mne_xochetsja_sidet_na_krylechke_i_puskat_sljuni.html</a></p>
<p>Фото: Инстаграм jdismyreligion</p>","{'id': '224984915', 'petitionMedium': {'url': '//assets.change.org/photos/9/hj/up/wFhjUPrdCjMqUHA-800x450-noPad.jpg?1608226021', 'processing': False}}",,,,against
MilestonePetitionUpdate,28240652,2020-12-18 02:39:52+00:00,5.0,royal-courts-of-justice-justice-for-johnny-depp,,,,,,,against
MilestonePetitionUpdate,28272700,2020-12-27 09:15:32+00:00,500.0,warner-brothers-studios-warner-bros-must-publicly-apologise-to-johnny-depp,,,,,,,against
MilestonePetitionUpdate,28179091,2020-12-07 03:22:33+00:00,50.0,movie-fans-emilia-clarke-should-replace-amber-heard-as-mera-in-aquaman-2-movie,,,,,,,against
MilestonePetitionUpdate,28173681,2020-12-05 19:44:56+00:00,5.0,warner-brothers-replace-amber-heard-with-scarlet-johanson,,,,,,,against
MilestonePetitionUpdate,28287794,2020-12-31 13:21:39+00:00,200.0,warner-brothers-remove-amber-heard-as-mere-in-aqua-man-2,,,,,,,against
MilestonePetitionUpdate,28153966,2020-12-02 05:31:46+00:00,100.0,warner-brothers-remove-amber-heard-as-mere-in-aqua-man-2,,,,,,,against
StarterPetitionUpdate,28269833,2020-12-26 04:00:19+00:00,,support-amber-heard-in-aquaman-2-her-life-and-public-safety-to-save-lives-warner-bros-mera-loreal-united-nations-aclu,"Amber Heard vs Bots Swarm Tech as ""Woman of the Year"" 2020 - ""Adapt & Survive!"" The Stand - Evidence","<p><strong>Despite facing <a href=""https://youtu.be/w57Tf3JS7u4"" rel=""nofollow"">bots swarm tech, such as under a video on The Stand</a>, <em>Congrats to Amber Heard being Woman of the Year 2020</em> from <a href=""https://www.thetimes.co.uk/article/women-of-the-year-2020-jp770mptk"" rel=""nofollow"">The Times</a>, <a href=""https://www.thesun.co.uk/fabulous/13412274/all-hail-our-women-year-2020-true-inspiration/"" rel=""nofollow"">Sun</a>, and of becoming a speaker at <a href=""https://www.harrywalker.com/speakers/amber-heard/"" rel=""nofollow"">Harry Walker</a>! We hope the world online becomes more <em>equal</em> for women!</strong></p>
<p><em>The Times</em>: ""She has become a vocal campaigner on the issue of domestic and sexual abuse as an ambassador for <em><strong>women’s rights</strong></em> for the American Civil Liberties Union (ACLU).""</p>
<p><em>The Sun</em>: ""On November 2, following a four-week trial, a judge ruled that the allegations against Depp, 57, were<strong> “substantially true” and that he was violent towards Amber.</strong></p>
<p><em><strong>Domestic violence charities have hailed the outcome a victory</strong></em> that will hopefully encourage other victims to speak out and seek justice.</p>
<p>Karen Ingala Smith, CEO of domestic violence charity Nia, praised Amber’s courage, saying: <strong>“I would like to acknowledge the bravery of Heard in naming the abuse that she was subjected to.”</strong>""</p>
<ul>
<li>The Hollywood Reporter, further, showed that Amber's ex, Depp, sent an abusive voicemail to his first wife, Lori, requiring a $1.25 million settlement in ""<a href=""https://www.hollywoodreporter.com/features/hes-radioactive-inside-johnny-depps-self-made-implosion"" rel=""nofollow"">He's Radioactive</a>.""</li>
</ul>
<p>""Sources say he paid his first wife, Lori Anne Allison, $1.25 million to keep quiet after he allegedly left a long ranting message in which he repeatedly used the N-word. The previously unreported settlement was accomplished using fictitious names to avoid scrutiny, with Richard Green serving as the stand-in for Johnny Depp.""</p>
<p><em>Unfortunately, <strong>the online warfare to demean progress for women worldwide</strong> - people of my team know that female leaders in South America were removed because of online cyberabuse - continues.</em></p>
<p>Amber Heard may be in entertainment, but she's historically been highly political, highly an activist, and a humanitarian.</p>
<p>Contrary to former belief, the social technology companies are not liberal on the backend. Stereotypes abound against women and internationals in their training and actions, which is backed up by repeated people defying their NDA contracts. Pinterest's ex-COO recently won $22 million in a settlement about gender discrimination. The world is catching onto *environments* and *livability* online, as well as training, but meanwhile, we have to see people like Amber Heard struggle.</p>
<p>From real tests and studies, people will sign petitions, ""join in,"" and more <strong><em>even when they see bots signing</em></strong>. These leaders in tech do not go out and tell them that they're wrong. It's completely enabled, just like as part of the institutions Amber discussed in 2018.</p>
<ul>
<li><strong>Though Change.org shut down at least 4 abusive comment sections on petitions against Amber, deleted possibly two hate petitions, and the number of 253 in search related to her name has decreased to 241, <em>they still never put reCAPTCHA onto the large hate petition against her</em></strong>.</li>
</ul>
<p>In fact, you can tell from the ratio of low amounts of comments, likes, and so on compared to 'signatures' that the petitions are usually increased to a set amount to gain attention via machine learning bot experts.</p>
<p>See this short video about the Bots Swarm the days just before Xmas! Happy 'holidays' or should I say, why should coders from reddit hate groups have more of a say than our own leaders?</p>
<p>By the way, it's online retaliation... Let's say maybe the internet differed during #MeToo. If it was different, though studies are as old as 2007, it's now fully controlled by 'men's rights' and other extremist groups. Anyone can hire them, but women in machine learning and AI is rare. In fact, it can just be 17% women in AI according to <a href=""https://action.consumerreports.org/coded_bias"" rel=""nofollow"">Coded Bias</a> documentary. </p>
<p><em><strong>Did you know that it's reported that Women's Shelters in Turkey are No Longer Safe because of (likely mostly online) retaliatory abuse against a Woman, Deniz Bulutsuz, who reported her Male Partner, a charismatic Actor, for violence? Just switch the names with Amber Heard and Depp.</strong></em></p>
<ul>
<li>In reality, anyone who rationalizes abuse against Amber Heard is statistically and scientifically wrong in thinking that they're not harming women's safety and progress by doing so. It's proven in *real life* such as the danger increasing in Turkey due to the rationalized domestic abuse against women that it harms equality.</li>
</ul>
<p>Basically, Johnny Depp has become the face of men's rights hate groups online with 'simp' and similar lingo following everywhere online on any website. A <a href=""https://www.forbes.com/sites/jeetendrsehdev/2020/11/09/heres-why-dior-needs-to-ditch-brand-ambassador-johnny-depp/?sh=280538ad5e4a"" rel=""nofollow"">Forbes Op-Ed from Jeetendr Sehdev supports his removal</a> from Dior's ""sauvage/savage"" perfume as well as pointing out bots. His profile states he is for <a href=""https://www.heforshe.org/en"" rel=""nofollow"">HeForShe</a>, a United Nations campaign of men helping women.</p>
<p>July 15, 2020 in Turkey: <em>""The high-profile domestic abuse case of a popular actor shows violence against women is accepted, and even defended when it comes to powerful men.""</em></p>
<p>""Known for his portrayal of ambitious, hot-tempered and abusive characters in two of Turkey’s top-rated soaps — “Phi” and “Magnificent Century” — Guven became headline news in July <em><strong>when his girlfriend, Deniz Bulutsuz, filed a case against him for violence and physical abuse.</strong></em> Guven may face up to 13 years of imprisonment.</p>
<p>“So Guven is Can Manay after all,” <em>said one tweet</em>, referring to the main character in the Turkish..."" Recently, Turkey moved to leave the Istanbul Convention Against Violence Against Women which is ratified in Europe.</p>
<p><a href=""https://www.al-monitor.com/pulse/originals/2020/07/turkey-istanbul-convention-violence-against-women-on-rise.html"" rel=""nofollow"">https://www.al-monitor.com/pulse/originals/2020/07/turkey-istanbul-convention-violence-against-women-on-rise.html</a></p>
<p>You can learn more about the traits of <em>Swarm Tech</em> (using multiple simple robots which commenting, dislike, and like bots are for coordination) which is called 'dangerous': <a href=""https://www.hcltech.com/blogs/swarm-robotics-new-coordinated-multi-robot-technology"" rel=""nofollow"">https://www.hcltech.com/blogs/swarm-robotics-new-coordinated-multi-robot-technology</a></p>
<p><strong>Amber Heard vs Bots Swarm Tech, Depp, Waldman - Coded Bias 2020 - The Stand</strong>:</p>
<p><a href=""https://youtu.be/w57Tf3JS7u4"" rel=""nofollow"">https://youtu.be/w57Tf3JS7u4</a></p>
<p>Showing #Bots against Amber Heard created from #MachineLearning Coders and Hate Groups which were incited by Adam Waldman and Johnny Depp. Coded Bias shows Tay the Bot created on Twitter. <strong>""The largest 21st century story.""</strong> - 2020 shows The Stand pandemics &amp; Artificial Intelligence for Bad.</p>
<p>On Nov 2, Judge Nicol ruled 12/14 violent incidents were valid against Amber and that she Feared for her Life from her ex-husband.</p>
<p>Bots under the video <a href=""https://www.youtube.com/watch?v=uretrfMA-Io"" rel=""nofollow""><strong>""Amber Heard's 2020 Takeaway: 'Adapt &amp; Survive'""</strong></a> login with an account, dislike, post same comment, like other comments of accounts tagged as part of the Swarm, logout, login with new account, &amp; repeat. It's automatic &amp; can be from one bot with multiple bats.</p>
<ul>
<li><strong><em>""WE GOT 1.35 million VOTES and we will continue NO MATTER THE COST"" says PTEGaming in a reddit hate group 1 month before the Bot Swarm under AccessHollywood's video with Amber Heard</em>: <a href=""https://youtu.be/uretrfMA-Io"" rel=""nofollow"">https://youtu.be/uretrfMA-Io</a> </strong></li>
</ul>
<p><strong><em>""It's ironic the topics of The Stand"" and of Black Mirror's Nosedive episode from 4 years ago. </em></strong></p>
<p>After much investigation &amp; reporting, it's clear social platform companies refuse to stop cyberabuse because of No Discrimination Laws Online.</p>
<p>Add reCAPTCHA:</p>
<p><strong>Bots have been reported for 6 months now via Forbes, The Times, Hollywood Reporter. </strong></p>
<p>4 Change petitions had abusive comments closed. It causes repeated death, physical, coercive threats based on imaginary numbers increasing consistently per day. It causes what would be hate crimes in countries overseas. They already had to use a police escort in July.</p>
<p>""Many of them are bots, their objective is to bully, demean, sway, or drown out opinions... They've started pointless petitions, angry tweets, and continued their threats towards his ex-wife, Amber Heard, Judge Nicols, and even myself for speaking out."" <a href=""https://www.forbes.com/sites/jeetendrsehdev/2020/11/09/heres-why-dior-needs-to-ditch-brand-ambassador-johnny-depp"" rel=""nofollow"">https://www.forbes.com/sites/jeetendrsehdev/2020/11/09/heres-why-dior-needs-to-ditch-brand-ambassador-johnny-depp</a></p>
<p>""According to a report from the well-respected Times of London, NY Law Firm Kaplan Hecker &amp; Fink employed Bot Sentinel, a group that uses artificial intelligence to detect and track troll bots &amp; suspect Twitter accounts, to assess anti-Amber Heard tweets and to investigate if the actress “had been a victim of an ongoing targeted harassment and smear campaign.”</p>
<p>The concluding report claims to have identified active inauthentic accounts created specifically to target... account[s] of Ms Heard and two anti-Amber Heard change.org petitions asking she be fired from two high profile projects. The report says “we noted the suspicious timing and strange activity associated with the petitions.”</p>
<p>“While monitoring the Remove Amber Heard from Aquaman 2 petition, we observed a significant number of fraudulent signatures, and we estimate 1 out of every 3 signatures were conspicuously fake or highly suspicious.”</p>
<p>Tweets are being automated and implies associates of Mr. Depp could have instructed bot specialists to do the job... report also says “accounts that were targeting Ms Heard were also promoting and Praising Adam Waldman… it was unusual that inauthentic accounts were tweeting about Mr. Waldman and using similar talking points.”"" <a href=""https://www.thegeekbuzz.com/the-basement/troll-bots-positively-identified-in-cyber-warfare-against-aquaman-actress-amber-heard"" rel=""nofollow"">https://www.thegeekbuzz.com/the-basement/troll-bots-positively-identified-in-cyber-warfare-against-aquaman-actress-amber-heard</a></p>
<p>Hollywood Reporter:</p>
<p>""Bots amplifying... ""Our clients are suing the white supremacists and neo-Nazis responsible for the violence in Charlottesville. I have clients who are suing Donald Trump. But, by far, the one case that has generated the greatest amount of hostile social media attacks is Johnny Depp v. Amber Heard. Not even close."""" <a href=""https://www.hollywoodreporter.com/features/hes-radioactive-inside-johnny-depps-self-made-implosion"" rel=""nofollow"">https://www.hollywoodreporter.com/features/hes-radioactive-inside-johnny-depps-self-made-implosion</a></p>
<p><strong>Amber Heard's Counterclaim filed in August 2020 counters with breaking a law in Virginia against harassment via computer: </strong></p>
<p>""10. As part of his ongoing smear campaign, Mr. Depp and/or his agents acting on his behalf have directed both authentic and inauthentic social media accounts, and/or non-human controlled “bots,” to target Ms. Heard. .. The talking points in these accounts are strikingly similar but use slightly different text and content to evade [detection]</p>
<p>11. There are a number of newly created... accounts specifically or predominantly designed to damage Ms. Heard. Many of these accounts have Cyrillic signatures... ...which inauthentic accounts... amplify, which further evidence a coordinated smear campaign...</p>
<p>16. Mr. Depp, through his agents and attorneys in Virginia, including specifically Waldman, have engaged in a campaign to harass and damages Ms. Heard through the use of computers and computer accessible vehicles. This conduct also has the potential effect of polluting the jury pool ....</p>
<p>37. In December 2018, Ms. Heard published an op-ed in the Washington Post calling for “changes to laws and rules and social norms”</p>
<p>It perpetuates abuse towards women and other victims online who have gone into the crossfires.""</p>
<p>Since we're in technology, we'll continue to point out the discrimination.</p>
<p><strong>Enjoy Wonder Woman's release onto HBO Max today - Dec 25!</strong> Have to say it was inspiring and better than the first in 2017. It's directed by a woman, Patty Jenkins, and <em>Diana is frequently shown saving girls and women in the movie</em>.  </p>
<p>We hope that 2021 is better for Amber Heard, but it's very challenging due to this wild west technology era. Stay tuned? Stay tuned for diversity and inclusion groups finding out how ML and AI is created! We hope progress advances online.</p>",,"{'photo': {'id': '225029064', 'petitionMedium': {'url': '//assets.change.org/photos/7/ln/fz/iHLnFZKBxRJPPbY-800x450-noPad.jpg?1609510489', 'processing': False}}}",,,for
MilestonePetitionUpdate,28151640,2020-12-01 20:04:16+00:00,10.0,warner-brothers-support-amber-heard-in-aquaman-2,,,,,,,for
MilestonePetitionUpdate,28284634,2020-12-30 17:19:50+00:00,1500.0,united-states-supreme-court-put-amber-heard-behind-bars,,,,,,,against
MilestonePetitionUpdate,28281860,2020-12-29 21:22:52+00:00,1000.0,united-states-supreme-court-put-amber-heard-behind-bars,,,,,,,against
MilestonePetitionUpdate,28280749,2020-12-29 16:08:32+00:00,750.0,united-states-supreme-court-put-amber-heard-behind-bars,,,,,,,against
MilestonePetitionUpdate,28276394,2020-12-28 14:24:15+00:00,500.0,united-states-supreme-court-put-amber-heard-behind-bars,,,,,,,against
MilestonePetitionUpdate,28272178,2020-12-27 03:17:46+00:00,250.0,united-states-supreme-court-put-amber-heard-behind-bars,,,,,,,against
MilestonePetitionUpdate,28271361,2020-12-26 19:57:36+00:00,200.0,united-states-supreme-court-put-amber-heard-behind-bars,,,,,,,against
MilestonePetitionUpdate,28270154,2020-12-26 09:11:22+00:00,100.0,united-states-supreme-court-put-amber-heard-behind-bars,,,,,,,against
MilestonePetitionUpdate,28269579,2020-12-26 00:46:05+00:00,50.0,united-states-supreme-court-put-amber-heard-behind-bars,,,,,,,against
MilestonePetitionUpdate,28269395,2020-12-25 22:39:35+00:00,25.0,united-states-supreme-court-put-amber-heard-behind-bars,,,,,,,against
MilestonePetitionUpdate,28269061,2020-12-25 19:44:53+00:00,10.0,united-states-supreme-court-put-amber-heard-behind-bars,,,,,,,against
MilestonePetitionUpdate,28246055,2020-12-19 07:23:07+00:00,5.0,united-states-supreme-court-put-amber-heard-behind-bars,,,,,,,against
MilestonePetitionUpdate,28227589,2020-12-15 22:12:31+00:00,5.0,united-states-supreme-court-put-amber-heard-behind-bars,,,,,,,against
MilestonePetitionUpdate,28178435,2020-12-06 23:25:16+00:00,2000.0,state-of-california-file-criminal-charges-against-people-that-falsify-evidence-in-domestic-violence-cases,,,,,,,against
MilestonePetitionUpdate,28185191,2020-12-08 08:55:25+00:00,2500.0,everyone-boycott-warner-brothers-for-blatantly-ignoring-the-proof-that-jonny-depp-is-innocent,,,,,,,against
MilestonePetitionUpdate,28186559,2020-12-08 15:18:44+00:00,15000.0,warner-brothers-boycott-warner-bros,,,,,,,against
MilestonePetitionUpdate,28169444,2020-12-04 20:37:59+00:00,12500.0,warner-brothers-boycott-warner-bros,,,,,,,against
MilestonePetitionUpdate,28154972,2020-12-02 11:14:59+00:00,10000.0,warner-brothers-boycott-warner-bros,,,,,,,against
MilestonePetitionUpdate,28151577,2020-12-01 19:52:27+00:00,9000.0,warner-brothers-boycott-warner-bros,,,,,,,against
MilestonePetitionUpdate,28147996,2020-12-01 04:58:13+00:00,8000.0,warner-brothers-boycott-warner-bros,,,,,,,against
MilestonePetitionUpdate,28218334,2020-12-14 12:30:55+00:00,5.0,johnny-depp-as-jack-sparrow-bring-back-johnny-depp-as-jack-sparrow,,,,,,,against
MilestonePetitionUpdate,28198563,2020-12-10 15:50:37+00:00,17500.0,hollywood-boycott-aquaman-2-amber-heard,,,,,,,against
MilestonePetitionUpdate,28170901,2020-12-05 04:01:49+00:00,15000.0,hollywood-boycott-aquaman-2-amber-heard,,,,,,,against
MilestonePetitionUpdate,28149599,2020-12-01 14:03:12+00:00,12500.0,hollywood-boycott-aquaman-2-amber-heard,,,,,,,against
MilestonePetitionUpdate,28253380,2020-12-21 09:58:41+00:00,10.0,who-ever-makes-the-movie-keep-amber-heard-as-mera,,,,,,,for
MilestonePetitionUpdate,28153909,2020-12-02 05:06:46+00:00,5.0,who-ever-makes-the-movie-keep-amber-heard-as-mera,,,,,,,for
StarterPetitionUpdate,28275255,2020-12-28 04:03:04+00:00,,johnny-s-fans-to-get-johnny-depp-s-career-back,"100,000 people",<p>Thank you to everyone who has decided to come and sign this petition and I’m so greatful for you all.</p>,,,,,against
MilestonePetitionUpdate,28264110,2020-12-23 22:43:03+00:00,100000.0,johnny-s-fans-to-get-johnny-depp-s-career-back,,,,,,,against
StarterPetitionUpdate,28205028,2020-12-11 17:32:38+00:00,,johnny-s-fans-to-get-johnny-depp-s-career-back,Reaching more people,<p>I am so grateful for those who have signed and want to make a change in someone’s life for the good. I have always loved watching Johnny depp movies my whole life. I will always watch Johnny depp movies before anything else. </p>,,,,,against
MilestonePetitionUpdate,28201202,2020-12-11 00:49:59+00:00,75000.0,johnny-s-fans-to-get-johnny-depp-s-career-back,,,,,,,against
MilestonePetitionUpdate,28195300,2020-12-10 00:08:59+00:00,50000.0,johnny-s-fans-to-get-johnny-depp-s-career-back,,,,,,,against
MilestonePetitionUpdate,28191236,2020-12-09 10:14:11+00:00,40000.0,johnny-s-fans-to-get-johnny-depp-s-career-back,,,,,,,against
MilestonePetitionUpdate,28187273,2020-12-08 17:29:05+00:00,35000.0,johnny-s-fans-to-get-johnny-depp-s-career-back,,,,,,,against
MilestonePetitionUpdate,28173592,2020-12-05 19:22:04+00:00,30000.0,johnny-s-fans-to-get-johnny-depp-s-career-back,,,,,,,against
MilestonePetitionUpdate,28163139,2020-12-03 18:35:33+00:00,25000.0,johnny-s-fans-to-get-johnny-depp-s-career-back,,,,,,,against
MilestonePetitionUpdate,28154325,2020-12-02 07:47:47+00:00,20000.0,johnny-s-fans-to-get-johnny-depp-s-career-back,,,,,,,against
MilestonePetitionUpdate,28150963,2020-12-01 18:05:36+00:00,17500.0,johnny-s-fans-to-get-johnny-depp-s-career-back,,,,,,,against
MilestonePetitionUpdate,28147540,2020-12-01 02:26:46+00:00,15000.0,johnny-s-fans-to-get-johnny-depp-s-career-back,,,,,,,against
MilestonePetitionUpdate,28268157,2020-12-25 09:52:41+00:00,250.0,warner-bros-petition-to-bring-johnny-depp-back-in-fantastic-beasts,,,,,,,against
MilestonePetitionUpdate,28230166,2020-12-16 09:41:17+00:00,200.0,warner-bros-petition-to-bring-johnny-depp-back-in-fantastic-beasts,,,,,,,against
MilestonePetitionUpdate,28273353,2020-12-27 15:09:15+00:00,3000.0,warner-brothers-dc-entertainment-emilia-clarke-become-mera-to-replace-amber-heard-in-aquaman-2,,,,,,,against
MilestonePetitionUpdate,28264714,2020-12-24 02:48:34+00:00,2500.0,warner-brothers-dc-entertainment-emilia-clarke-become-mera-to-replace-amber-heard-in-aquaman-2,,,,,,,against
MilestonePetitionUpdate,28240477,2020-12-18 01:47:32+00:00,2000.0,warner-brothers-dc-entertainment-emilia-clarke-become-mera-to-replace-amber-heard-in-aquaman-2,,,,,,,against
MilestonePetitionUpdate,28201807,2020-12-11 03:12:09+00:00,1500.0,warner-brothers-dc-entertainment-emilia-clarke-become-mera-to-replace-amber-heard-in-aquaman-2,,,,,,,against
MilestonePetitionUpdate,28170347,2020-12-05 00:34:41+00:00,1000.0,warner-brothers-dc-entertainment-emilia-clarke-become-mera-to-replace-amber-heard-in-aquaman-2,,,,,,,against
MilestonePetitionUpdate,28149341,2020-12-01 12:53:43+00:00,750.0,warner-brothers-dc-entertainment-emilia-clarke-become-mera-to-replace-amber-heard-in-aquaman-2,,,,,,,against
StarterPetitionUpdate,28288452,2020-12-31 17:35:44+00:00,,dc-entertainment-remove-amber-heard-from-aquaman-2,The Calm Before the Storm,"<p>There isn’t much going on between Johnny Depp and Amber Heard these days. There isn’t any new news about Johnny Depp’s appeal in the high court of London regarding his libel suit against the Sun tabloid for calling him a Wife-Beater.</p>
<p>And there isn’t much new that’s going on in Fairfax county. A few new subpoenas or motions get posted now and again, laying all the groundwork. But nothing too earth-shattering.</p>
<p>Johnny seems to be upbeat, carrying on with the task of being fabulous Johnny Depp. There are whispers of upcoming projects that might include the Addams Family and maybe even Beetlejuice.</p>
<p>Amber Heard has been keeping up the appearance of being an active actress and relevant activist, putting her speaking services on the market. For a mere 30 grand a pop, you can hire Heard to give a motivational speech about surviving hardship, civil liberties, or some such.</p>
<p>Neither one of them seems to be addressing the upcoming defamation court case. Maybe there’s nothing new to talk about, or maybe they’re both playing the long game.</p>
<p>Me, I think it’s the calm before the storm. We still haven’t seen the majority of the footage from the Eastern Columbia building’s surveillance system, and we’re waiting with bated breath for the Toronto tapes. When those hit the public purview, nothing’s going to be the same.</p>
<p>Why didn’t we see this evidence in the Sun trial? Because the Sun had nothing to do with the Eastern Columbia building. The Sun had nothing to do with Toronto.</p>
<p>Too many people lost sight of the fact that the Sun trial wasn’t between Johnny Depp and Amber Heard. It was against Johnny Depp and The Sun. Amber Heard was only a witness.</p>
<p>The Fairfax, VA trial is between Johnny Depp and Amber Heard. As such, ALL the evidence comes into play. And I sincerely doubt that we’ve even scratched the surface with all the evidence we’ve seen so far. If I were on Johnny Depp’s legal team, I’d save the best for last, pulling out the aces when the time’s right. When it’s so damning that Amber Heard will have absolutely no defense. When it will well and truly screw her, finally revealing her for who and what she is, what she did, and holding her accountable for it.</p>
<p>We want to see the worst of it so that we can commiserate with Johnny and support him. But we also want him to prevail. We want him to win so that he can clear his good name, once and for all.</p>
<p>Wait for it, folks. Things might be quiet now, but I’m betting that the very best is yet to come.</p>","{'id': '225027246', 'petitionMedium': {'url': '//assets.change.org/photos/2/cj/hy/cqCJhyftbHttrMb-800x450-noPad.jpg?1609436145', 'processing': False}}",,,,against
StarterPetitionUpdate,28277591,2020-12-28 19:52:40+00:00,,dc-entertainment-remove-amber-heard-from-aquaman-2,Messages from Depp and Heard,"<p>Johnny Depp posted a hopeful <a href=""https://www.instagram.com/p/CJRBzrpsRtw/?utm_source=ig_embed"" rel=""nofollow"">message</a> to his 9 million Instagram followers:</p>
<p>“This year has been so hard for so many. Here’s to a better time ahead. Happy Holidays, everyone! My love and respect to you all. Eternally, JD. X” He posted it with a picture of himself looking happy and well with Shane MacGowan on the set of the documentary Crock of Gold, which Depp produced.</p>
<p>That post has received over  1,965,562 likes.</p>
<p>On the flip side of the same token, Amber Heard was interviewed by <a href=""https://www.youtube.com/watch?v=uretrfMA-Io"" rel=""nofollow"">Access Hollywood</a> in a new video on YouTube talking about how she’s adapted and survived 2,000, including her legal troubles with Johnny Depp.</p>
<p>That video has received over 283,000 DISlikes.</p>
<p>Likewise, the comments on that video are heavily laden with sentiments supporting Johnny Depp, identifying with him as the victim of Amber Heard’s abuse. “They won’t believe you, because you are a man” many commenters post, due to an audio in which Amber Heard taunted Johnny saying that people wouldn’t believe that he was in fact an abuse victim. They call Amber out for portraying herself as the victim when the opposite is in fact true, by her own admission. “I was hitting you,” She confessed to Johnny on tape. And the public won’t let her forget it.</p>
<p>Considering the number of likes Johnny Gets compared to the number of dislikes and negative comments Heard gets, I think it’s pretty clear how the public feels about the two of them. </p>","{'id': '225018363', 'petitionMedium': {'url': '//assets.change.org/photos/5/wo/hd/UnwOHdPdbybJVaq-800x450-noPad.jpg?1609185161', 'processing': False}}",,,,against
StarterPetitionUpdate,28266946,2020-12-24 19:56:57+00:00,,dc-entertainment-remove-amber-heard-from-aquaman-2,Johnny Depp requests retrial,"<p>Johnny Depp has asked the Court of Appeal to order a retrial of his libel claim against The Sun over an article calling him a “wife beater”, which a High Court judge found was “substantially true”. Justice Nicol, the judge in the case, basically believed Amber Heard’s claims that she was abused, and found that the Sun, therefore, had every right to call Depp a “wife beater” on their front page.</p>
<p>Since this ruling, many tabloids, which I will not link to here, have run rampant, calling Depp a wife-beater and just about everything else in the book.</p>
<p>Johnny’s request for a retrial claims that he “did not receive a fair trial” and the judge’s ruling is “plainly wrong” and “manifestly unsafe”, according to documents filed by Mr. Depp’s legal team with the Court of Appeal.</p>
<p>Says David Sherborne, counsel for Johnny Depp: “The judge failed to properly assess [Heard’s] credibility by reference to documentary evidence, photographs, recordings or otherwise.” He further claimed that audio recordings of Mr Depp and Ms Heard while they were in a relationship demonstrated that “Ms Heard had not only been the violent one … but that she had also been untruthful in her oral evidence about the appellant’s violence”.</p>
<p>You can view the documents Johnny’s legal team filed on <a href=""https://www.nickwallis.com/courtofappeal"" rel=""nofollow"">Nickwallis.com</a>.</p>
<p>NGN will have to file a response and then a decision will be taken by a Court of Appeal judge on whether or not to allow the application (this can be done with or without a hearing). A decision could come down as early as January. If Depp’s request for a retrial is dismissed, it’s all over and Nicol’s judgment stands.</p>
<p>At that point, Johnny’s only recourse against his ex-wife (Heard) will be his upcoming defamation suit against her resulting from her op-ed in the Washington Post, in which she describes herself as a survivor of his domestic abuse. She doesn’t name him specifically in that piece, but she’s been naming him ever since their split in every other outlet, so her message was clear and obvious.</p>
<p>Here’s hoping the new year brings Johnny the vindication he deserves.</p>
<p><a href=""https://www.eveningexpress.co.uk/lifestyle/entertainment/johnny-depp-to-ask-court-of-appeal-to-order-retrial-of-wife-beater-libel-case/#:~:text=Johnny%20Depp%20has%20asked%20the,found%20was%20%E2%80%9Csubstantially%20true%E2%80%9D."" rel=""nofollow"">SOURCE</a><br>Hat tip to <a href=""https://twitter.com/nickwallis/status/1342088042148995072"" rel=""nofollow"">Nick Wallis</a></p>","{'id': '225009638', 'petitionMedium': {'url': '//assets.change.org/photos/8/ud/fq/hJuDFQaLckQcyJT-800x450-noPad.jpg?1608839819', 'processing': False}}",,,,against
StarterPetitionUpdate,28262754,2020-12-23 16:14:24+00:00,,dc-entertainment-remove-amber-heard-from-aquaman-2,Amber Heard AM2 role shrinking,"<p>Up until now, most of the fallout from Johnny Depp’s legal woes with ex-wife Amber Heard has been at Johnny Depp’s expense. Now, a lot of folks on the internet are campaigning to see Heard suffer the same treatment. In fact, the petition to remove her from Aquaman 2 is nearing a staggering 2 million signatures. And while WB has yet to announce any plans to hire another actress for the role, it seems that they’re trying to come up with a compromise.</p>
<p>With all of this going on, it looks like WB is gearing up to either reduce Amber Heard’s role in Aquaman 2 or write her out altogether.</p>
<p>According to Grace Randolph, the host of the “Beyond The Trailer” YouTube channel, the studio is bringing on another female lead to ‘balance things out.’</p>
<p>“Some of you are asking re Amber Heard – as I told you before, they are bringing on this new female lead to balance things out, and writing the script so that Heard’s role can be cut down if needed. But as of right now she’s still in Aquaman 2,” the journalist wrote on her Twitter feed. </p>
<p>As we learned last month, Warner Bros. may not be able to fire the London Fields star if it comes to it due to her contract. What they can do, however, is find a way to sideline her character in favor of a newcomer in Aquaman 2. To what extent they’ll do so, though, is anyone’s guess at this point.</p>
<p>Another source has maintained that al of this speculation is pointless, as Amber Heard has already been removed from Aquaman 2. If those sources are to be believed, it’s true that Amber Heard can’t be officially fired, but that she’s been bought out of her contract. Pretty much the same situation as Johnny Depp and Fantastic Beasts. They fired Johnny, but paid his contract. That’s what it’s rumored happened to heard. They basically paid her not to be in Aquaman 2.</p>
<p>Aquaman 2 is due to start shooting in Australia after the new year ahead of its scheduled release in December 2022. Time will tell if Heard will be involved. It’s entirely possible that the new female lead isn’t just being brought on board to “balance things out.” She might be Heard’s replacement.</p>
<p>Good.</p>
<p><a href=""https://wegotthiscovered.com/movies/aquaman-2-reportedly-introducing-female-lead-balance-amber-heard/"" rel=""nofollow"">SOURCE</a><br><a href=""https://wegotthiscovered.com/movies/aquaman-2-reportedly-written-amber-heards-role-reduced/"" rel=""nofollow"">SOURCE</a></p>","{'id': '225006281', 'petitionMedium': {'url': '//assets.change.org/photos/8/yf/xa/okyFxAVdtJBCRas-800x450-noPad.jpg?1608740066', 'processing': False}}",,,,against
StarterPetitionUpdate,28247422,2020-12-19 17:12:14+00:00,,dc-entertainment-remove-amber-heard-from-aquaman-2,The latest,"<p>Two years to the day after Amber Heard published an editorial describing the backlash she faced as a domestic abuse survivor, a Virginia judge ordered the actress to produce her arrest record in the defamation case filed against her by ex-husband Johnny Depp.</p>
<p>Her arrest record, which involves an altercation with a different romantic partner more than a decade ago, is “crucial to key allegations in Mr. Depp’s complaint,” said the actor’s lawyer, Benjamin Chew of Brown Rudnick, during a hearing Friday in Fairfax County. </p>
<p>Thing is, though, that I’m pretty sure there have been more arrests than Heard’s 2009 arrest for domestic violence against her wife Tasya Van Ree. As I understand it, there have been a couple of DUI’s and rumor has it that there was at least one other arrest for domestic violence. I don’t know against whom, but it looks like we’re going to find out.</p>
<p>If this is true and Amber Has multiple arrests against her for domestic violence, it could be crucial in helping Johnny Depp establish that it was Heard who was violent in their relationship.</p>
<p>On the same day, a subpoena was issued to the ACLU, one of the organizations to which Heard swears she donated part of her 7 million dollar divorce settlement. It  has long been rumored that Heard didn’t donate to these organizations as she swore in her divorce documents, legal court documents, that she would.</p>
<p>I don’t know exactly what could happen to Heard if she kept the money and didn’t donate it, or didn’t donate all of it, like she said she would. Contempt of court, maybe? Or would this even be grounds for the divorce to be revisited? Could she owe that money back to Johnny? We’ll have to wait and see what the fallout is, but the fact is that she will now have to prove in a court of law what she did with that money.</p>
<p>If nothing else, it goes to her credibility if she swore to donate that money and didn’t. Not that her credibility holds much weight anymore.</p>
<p>Three days later, the court issued a subpoena for iO Tillet Wright, longtime friend and flying monkey of Heard’s. <a href=""https://www.fairfaxcounty.gov/circuit/sites/circuit/files/assets/documents/pdf/high-profile/depp%20v%20heard/cl-2019-2911-foreign-subp-prep-io-tillet-wright-12-18-2020.pdf"" rel=""nofollow"">The service notice</a> doesn’t say whether it was Heard’s side or Johnny’s that requested the subpoena. It would be interesting to see who called iO. It’ll be even more interesting to see how far iO is willing to go to perjure himself for Heard. It’s one thing to lie to a court abroad where they can’t touch you. It’s another thing to perjure oneself in America where they can easily find you and level perjury charges. It’ll be interesting to see how far any of her friends are willing to perjure themselves.</p>
<p>It bears note that some of those previously pro-Heard folks are deleting their social media en masse. I don’t know if it’s related to the defamation case that’s looming ever larger, but it’s certainly possible.</p>
<p>By all accounts, it looks like Amber Heard’s legal world is crashing down on her. I wonder what her response will be when Johnny wins his defamation case, and then wins his appeal in the libel case he leveled against the Sun tabloid and subsequently lost. I wonder what the whole world’s reaction will be. So many have been so quick to vilify him. I wonder how quick they’ll be to vindicate him.</p>
<p>Time alone will tell.</p>
<p><a href=""https://www.courthousenews.com/heard-ordered-to-hand-over-arrest-record-in-depp-defamation-case/"" rel=""nofollow"">SOURCE</a></p>","{'id': '224992988', 'petitionMedium': {'url': '//assets.change.org/photos/8/yl/cd/oCYLCdbJGQYxGAZ-800x450-noPad.jpg?1608397936', 'processing': False}}",,,,against
StarterPetitionUpdate,28238185,2020-12-17 17:45:23+00:00,,dc-entertainment-remove-amber-heard-from-aquaman-2,You can now hire Amber Heard to speak,"<p>Amber gets on board with Prince Harry &amp; Megan Markle’s public speaking agency. The public speaking agency is based out of New York, called The Harry Walker agency.</p>
<p>The agency has even made a statement regarding Amber’s entry into the agency. On their official website, Amber Heard is described her as “An outspoken advocate for women’s rights and for the civil rights of survivors of all gender-based violence around the world, Amber works with organizations that encourage survivors both personally and politically to come forward and reclaim their power. Amber makes frequent trips to DC to lobby and fight on behalf of the civil rights of women and the innumerable silent survivors of gender-based violence.”<br><br>If you’d like to hire her to speak at your event, she can be booked for the princely sum of $33,000. The agency describes her talks as “deeply moving” and says that hiring her is an excellent choice for a group or organization that’s looking for “some much-needed inspiration from a woman who walks day-to-day looking to be a contribution.”</p>
<p>There are, of course, those who would vehemently disagree. A large contingency of the public view Heard as a woman who abused her ex-husband Johnny Depp, as she admitted as much on audiotape. Those people find it ludicrous that Heard should dare to claim to be a spokesperson for survivors when she herself is an admitted abuser with a history of being arrested for domestic abuse against wife Tasya Van Ree in 2009.</p>
<p>Heard has already spoken at the Global Citizen Festival, the Social Good Summit and the L’Oreal Women of Worth awards, leading the reader to believe that Heard was paid to speak at those events. So, with a payday of up to $33,000 per appearance, her outpouring of heartfelt civic duty doesn’t exactly come across as altogether altruistic, does it? Rather, she seems motivated by the payday, which some would argue has always been her only impetus.</p>
<p>I for one will be interested to see how many people or organizations will hire Heard to speak for such a hefty payday. As more and more evidence comes out about the sort of person she really is, I can only imagine that this prospect will fail for her, just like all the rest of them do.</p>
<p><a href=""https://www.republicworld.com/entertainment-news/hollywood-news/amber-heard-now-a-part-of-prince-harry-and-megan-markles-public-speaking-agency.html"" rel=""nofollow"">SOURCE</a></p>","{'id': '224985003', 'petitionMedium': {'url': '//assets.change.org/photos/0/ng/xm/JtnGxMYFoTxkaCO-800x450-noPad.jpg?1608227125', 'processing': False}}",,,,against
StarterPetitionUpdate,28227492,2020-12-15 21:51:26+00:00,,dc-entertainment-remove-amber-heard-from-aquaman-2,December 17th,"<p>Many people have sworn to boycott Stephen King’s ‘The Stand’ which starts on Thursday, December 17th because Amber Heard is in it. I’m one of them. Anything that has Amber Heard in it gets a hard pass from me, and I can think of about 1.7 million people who feel the same way.</p>
<p>Instead, I suggest showing our support for Johnny Depp by watching something by Johnny Depp instead, whether it’s a DVD you already own, or picking a Johnny Depp movie on the streaming platform of your choice. There are lots of excellent movies to choose from, so it shouldn't be too hard finding a good one. Me, I'll probably be watching Pirates.</p>
<p>I like Stephen King’s work as much as the next guy, and I know that he didn’t personally hire Amber Heard, but I simply cannot support a project that she’s in. Nothing personal Steve. I just can't.</p>
<p>So if you feel the same way, let’s let the industry know that we’re having none of her by boycotting ‘The Stand’ and stream something by Johnny Depp instead. Let 'em know what we want: Johnny Depp. And what we don't want: Amber Heard. </p>
<p>The media might be working hard to silence Johnny Depp, but they'll never silence us. </p>","{'id': '224977360', 'petitionMedium': {'url': '//assets.change.org/photos/7/fr/up/clfrUphMRveLrYB-800x450-noPad.jpg?1608069088', 'processing': False}}",,,,against
StarterPetitionUpdate,28195245,2020-12-09 23:53:53+00:00,,dc-entertainment-remove-amber-heard-from-aquaman-2,Johnny dropped the N bomb to Ex Lori Anne Allison?,"<p>“Sources say he paid his first wife, Lori Anne Allison, $1.25 million to keep quiet after he allegedly left a long ranting message in which he repeatedly used the N-word. The previously unreported settlement was accomplished using fictitious names to avoid scrutiny.”</p>
<p>That’s just one of the many allegations put forth in an article published by The Hollywood Reporter. There are a ton of others, but I won’t dignify them by repeating them here. I’ll post the link because I have to cite my sources, but I’m hoping that you won’t give them any hits by clicking through to read it. It’s just all the same lies Amber Heard’s been spouting over the last few years.</p>
<p>I selected this statement to write about because this is the first time I’ve ever seen it. And because it’s so full of outrageous and flawed elements that I just had to pick it apart.</p>
<p>First, “Sources”? Really? Until or unless these “sources” are identified, it’s pretty hard to take anything that follows seriously.</p>
<p>Second, it doesn’t say WHEN this alleged payment took place. Johnny married Lori Anne more than 30 years ago. That’s a long stretch of road during which this alleged transaction could have taken place. They’re going to have to narrow it down a little more before it can be taken seriously.</p>
<p>Third, they also don’t say WHEN this long, ranting message took place. Was it back when they were together? Sometime since? Did he recently call Lori Anne out of the blue just to leave audio evidence of racial epithets nobody else on the planet has ever accused him of using? Just like I said a minute ago, they need to narrow down the timeline.</p>
<p>Fourth, when else has Johnny ever been accused of using language like that? Every? So we’re supposed to believe that he did it on tape just because some unnamed “sources” say so? Are we really supposed to be that gullible?</p>
<p>Fifth, where’s this message? If “sources” have heard it, why haven’t we? Are we supposed to believe that a tape like this exists and it hasn’t been leaked to the public?</p>
<p>Sixth, why in the world would Johnny Depp need to use a fake name to give his ex-wife some money? If Johnny wanted to give his ex some money, for whatever reason, there’s no reason whatsoever that he couldn’t just do so. He gave Vanessa money, too, and there’s nothing shady about it. By all accounts, he’s a generous guy. Why shouldn’t he be able to give his ex some money if he wants to?</p>
<p>I’m sorry, folks, but it doesn’t quite wash. They talk about scrutiny, but the fact is that there are far too few details for a claim like this to stand up to even the most casual scrutiny.</p>
<p>The point here, is that headlines like this are juicy and look damning on the surface, but you need to look a little deeper to determine if there’s any substance to back them up. This is just one among many allegations being tossed about in the press since the court in the UK ruled against him in his libel case against the Sun. The media’s been having a field day at Johnny’s expense, and there’s no more substance to those headlines than there are to this one. It’s just a bunch of fluffed-up rubbish set forth with no more justification than that someone said so.</p>
<p>Don’t take the headlines seriously, boys and girls, no matter how good – or bad – they look. There’s a good chance that it’s just a bunch of unfounded allegations being printed to sell papers. Or to get clicks online. That’s all. They, the papers, don’t care about the truth. If they did, they’d be exposing Johnny Depp’s abuser, proven by her own words, rather than serving the victim up on a platter the way they are. So don’t give them the satisfaction of giving their trash a second glance. Stick to the world of facts which have been proven, tried and true, by the abuser herself.</p>
<p>The truth will out in the end. It’s no coincidence that this article came out at the same time as Johnny applied to the higher court to move forward with his appeal to overturn the verdict in the Sun case. Like I said before, it’s all an agenda that’s being spoon fed to you. Don’t swallow it.</p>
<p>Keep your wits about you, folks, and keep fighting the good fight. We'll end up on the right side of the roaring rapids in the end.</p>
<p><a href=""https://www.hollywoodreporter.com/features/hes-radioactive-inside-johnny-depps-self-made-implosion?utm_source=twitter&amp;utm_medium=social"" rel=""nofollow"">SOURCE</a> - which I hope you don't click on.</p>","{'id': '224954427', 'petitionMedium': {'url': '//assets.change.org/photos/0/ax/gn/vfaxgnDqaEbcrOH-800x450-noPad.jpg?1607558034', 'processing': False}}",,,,against
StarterPetitionUpdate,28173276,2020-12-05 17:52:18+00:00,,dc-entertainment-remove-amber-heard-from-aquaman-2,Steven Crowley and Amber Heard,"<p>Steven Crowley is an actor that knew and worked with Amber Heard on a movie called “Never Back Down.” He recently posted on <a href=""https://www.tiktok.com/@stevencrowley/video/6899955612692516101?_d=secCgsIARCbDRgBIAMoARI%2BCjwJwKV1Z7iPseiCnqcCqgorvxQKfKudCC6U7odEm%2BcVhDyZL7DW5DPEBlgxJ6RT3XEjlQvarTehNaYz1yEaAA%3D%3D&amp;language=en&amp;preview_pb=0&amp;sec_user_id=MS4wLjABAAAASEfHqDmQjy3OT_mgTD_dVC8Q2fpeea5FYcGo9DQOmhwG6MdY7e95hhOPSQMv1VQ8&amp;share_item_id=6899955612692516101&amp;share_link_id=702327CC-07B7-4399-BF29-AEB9E9D6537B&amp;timestamp=1606655972&amp;tt_from=copy&amp;u_code=d26ea8e5m5j667&amp;user_id=6602617470308057093&amp;utm_campaign=client_share&amp;utm_medium=ios&amp;utm_source=copy&amp;source=h5_m"" rel=""nofollow"">Tik Tok</a> that he has his own stories about Amber Heard and promised to do a YouTube about them. He posted a picture of himself and Amber Heard with the caption “Me trying not to get beat up every day on set for 3 months.”</p>
<p>Well, on December 2nd, <a href=""https://www.youtube.com/watch?v=L1x07aqi1-0&amp;feature=emb_title"" rel=""nofollow"">that video</a> went up on YouTube. Steven and his buddy Jason were chatting away, and then, about 12 minutes in, Steven starts talking about Amber Heard. He described first meeting her as sex personified, and so charming and overpowering that if she’d told him to go out and kill somebody, he would have done it. Not really, of course, but he was illustrating how much influence she can have on people, even at first sight. At least back then.</p>
<p>He went on to talk about Amber and the fights that she used to get into with her wife Tasya Van Ree, saying that they were real blow up fights. He also hinted at Amber’s drug and alcohol consumption as activities that he saw with his own two eyes.</p>
<p>Steven also talked about how Amber Heard was when she worked with Johnny Depp on the Rum Diary. Heard wasn’t even remotely interested in Depp. She was married to Tasya, but was well aware of Johnny’s interest in her, he said. It wasn’t until after another couple of movies failed, a tv show failed, then all of a sudden you hear about Amber Heard being with Johnny Depp, and wouldn’t you know it, she started getting parts.</p>
<p>Amber Heard was with Johnny Depp to further her career. That’s what Steven said without saying it.</p>
<p>Steven beat around the bush about a LOT of stories he said he could tell, but he was scared to death of getting sued if he told them. Jason assured Steven that the truth is the ultimate defense against a law suit, and that maybe these stories need to be told so that the world has both sides of the situation, not just the one that Heard is telling the world. Still, Steven hesitated and ultimately refused to say any more. The two agreed to talk about this more off-screen and then come back and revisit the issue in a future video.</p>
<p>What strikes me the most about the whole thing is how scared Steven was to talk about events he saw with his own two eyes. And, he said, there are a lot more people with stories to tell that are afraid to talk, too.</p>
<p>Why? Why are these people afraid of her? Because she’ll sue them? Like Jason said, the truth is the best defense against that. And it’s not just a matter of he say/She say if multiple people are stepping forward to corroborate each other’s stories. And I’m sure there are some people with photos or videos to back their stories up. They just have to work up the nerve to step forward and speak up.</p>
<p>All it takes is for one person to say “enough” and stand up. Once that first brave soul makes a stand and speaks out against Amber Heard, I think the floodgates will open up and everybody else who’s been holding back stories will come forward too. And it’ll be high time. This no-talent would-be actress has held her reign of terror long enough.</p>
<p>And I think that with the VA trial coming up, her web is going to start falling apart. She’s having to subpoena people who were previously willing to talk about her freely. I think they’re starting to realize what they’ve got to lose, and that her ship is sinking. And it is. The USS Amber Heard is taking on water, more every day. It’s only a matter of time until those rats start hopping off. I think we’re seeing it already.</p>
<p>By all means, go have a look at Steven Crowley’s <a href=""https://www.youtube.com/watch?v=L1x07aqi1-0&amp;feature=emb_title"" rel=""nofollow"">video</a>. See for yourself all of the stories he hints at being able to tell about her, and witness how afraid he is to talk.</p>
<p>Let’s hope he’s the one that starts the ball rolling about Heard. It’ll make him a hero of epic proportions. He might just by a lynchpin if they get him involved with the VA case.</p>
<p>Come on, Steven. You can do it!</p>","{'id': '224939220', 'petitionMedium': {'url': '//assets.change.org/photos/6/jo/ak/VPJOaKaUxbgUdKR-800x450-noPad.jpg?1607190740', 'processing': False}}",,,,against
MilestonePetitionUpdate,28276997,2020-12-28 17:21:21+00:00,15000.0,people-with-common-sense-amber-heard-must-be-fired-too,,,,,,,against
MilestonePetitionUpdate,28240411,2020-12-18 01:23:54+00:00,12500.0,people-with-common-sense-amber-heard-must-be-fired-too,,,,,,,against
MilestonePetitionUpdate,28160733,2020-12-03 09:23:03+00:00,10000.0,people-with-common-sense-amber-heard-must-be-fired-too,,,,,,,against
MilestonePetitionUpdate,28268919,2020-12-25 18:27:27+00:00,30000.0,dc-replace-amber-heard-with-danny-devito-in-aquaman,,,,,,,against
MilestonePetitionUpdate,28216877,2020-12-14 02:57:52+00:00,25000.0,dc-replace-amber-heard-with-danny-devito-in-aquaman,,,,,,,against
StarterPetitionUpdate,28188075,2020-12-08 19:40:37+00:00,,dc-replace-amber-heard-with-danny-devito-in-aquaman,Thank you all!,<p>I didnt imagine this petition to get more than 12 signatures so you guys signing and sharing means everything and I want to thank you all!</p>,,,,,against
MilestonePetitionUpdate,28175309,2020-12-06 05:50:28+00:00,20000.0,dc-replace-amber-heard-with-danny-devito-in-aquaman,,,,,,,against
MilestonePetitionUpdate,28165718,2020-12-04 04:18:30+00:00,17500.0,dc-replace-amber-heard-with-danny-devito-in-aquaman,,,,,,,against
MilestonePetitionUpdate,28157777,2020-12-02 20:20:50+00:00,15000.0,dc-replace-amber-heard-with-danny-devito-in-aquaman,,,,,,,against
MilestonePetitionUpdate,28150394,2020-12-01 16:32:23+00:00,12500.0,dc-replace-amber-heard-with-danny-devito-in-aquaman,,,,,,,against
MilestonePetitionUpdate,28164145,2020-12-03 21:38:33+00:00,8000.0,johnnydeppisinnocent,,,,,,,against
MilestonePetitionUpdate,28180299,2020-12-07 11:53:37+00:00,150000.0,warner-brothers-give-johnny-deep-his-roles-back,,,,,,,against
MilestonePetitionUpdate,28267190,2020-12-24 21:43:01+00:00,100.0,everyone-replace-amber-heard-with-jacksepticeye-in-auqaman,,,,,,,against
MilestonePetitionUpdate,28253545,2020-12-21 11:15:58+00:00,200.0,mera-solo-movie,,,,,,,related
MilestonePetitionUpdate,28198563,2020-12-10 15:50:37+00:00,17500.0,hollywood-boycott-aquaman-2-amber-heard,,,,,,,against
MilestonePetitionUpdate,28170901,2020-12-05 04:01:49+00:00,15000.0,hollywood-boycott-aquaman-2-amber-heard,,,,,,,against
MilestonePetitionUpdate,28149599,2020-12-01 14:03:12+00:00,12500.0,hollywood-boycott-aquaman-2-amber-heard,,,,,,,against
MilestonePetitionUpdate,28234209,2020-12-16 23:55:18+00:00,1000.0,whoever-fired-johnny-depp-give-johnny-depp-his-role-in-fantastic-beasts-back-and-fire-amber-heard,,,,,,,against
MilestonePetitionUpdate,28171100,2020-12-05 05:30:19+00:00,750.0,whoever-fired-johnny-depp-give-johnny-depp-his-role-in-fantastic-beasts-back-and-fire-amber-heard,,,,,,,against
MilestonePetitionUpdate,28164171,2020-12-03 21:44:32+00:00,10.0,warner-brothers-to-get-amber-heard-fired-in-aquaman,,,,,,,against
MilestonePetitionUpdate,28162090,2020-12-03 15:25:26+00:00,5.0,warner-brothers-to-get-amber-heard-fired-in-aquaman,,,,,,,against
MilestonePetitionUpdate,28202243,2020-12-11 04:58:10+00:00,250.0,the-people-johnny-depp-should-retry-the-lawsuit-against-him-uk-libel-case,,,,,,,against
MilestonePetitionUpdate,28155272,2020-12-02 12:38:04+00:00,200.0,the-people-johnny-depp-should-retry-the-lawsuit-against-him-uk-libel-case,,,,,,,against
MilestonePetitionUpdate,28241773,2020-12-18 10:09:37+00:00,1500.0,the-royal-courts-of-justice-london-justice-for-johnny-depp,,,,,,,against
MilestonePetitionUpdate,28220568,2020-12-14 19:38:30+00:00,5.0,amber-heard-have-amber-heard-plead-guilty-for-domestic-violence,,,,,,,against
MilestonePetitionUpdate,28287748,2020-12-31 13:01:53+00:00,500.0,change-org-blacklist-amber-heard-from-hollywood,,,,,,,against
MilestonePetitionUpdate,28253676,2020-12-21 12:09:21+00:00,25.0,change-org-petitions-to-remove-amber-heard-from-aquaman-perpetuates-abuse-towards-women-who-speak-up,,,,,,,for
MilestonePetitionUpdate,28213652,2020-12-13 12:26:02+00:00,10.0,change-org-petitions-to-remove-amber-heard-from-aquaman-perpetuates-abuse-towards-women-who-speak-up,,,,,,,for
MilestonePetitionUpdate,28211667,2020-12-12 23:16:13+00:00,5.0,change-org-petitions-to-remove-amber-heard-from-aquaman-perpetuates-abuse-towards-women-who-speak-up,,,,,,,for
MilestonePetitionUpdate,28168398,2020-12-04 17:08:52+00:00,100.0,warner-brothers-remove-amber-heard-from-aquaman-2-8e6401e6-50bb-4731-b699-16e3ffa06768,,,,,,,against
MilestonePetitionUpdate,28163334,2020-12-03 19:11:20+00:00,25.0,warner-brothers-get-wb-to-recast-johnny-depp-to-fantastic-beasts,,,,,,,against
MilestonePetitionUpdate,28151553,2020-12-01 19:49:17+00:00,25.0,warner-bros-justice-for-johnny-depp-9088322c-edb8-4f81-a087-6c1923950f38,,,,,,,against
MilestonePetitionUpdate,28174331,2020-12-05 22:52:23+00:00,10.0,warner-brothers-keep-johnny-depp-as-grindelwald-be8495e5-fc87-4ff5-89d2-4179fc292863,,,,,,,against
MilestonePetitionUpdate,28171964,2020-12-05 11:39:16+00:00,10.0,hollywood-emma-roberts-is-a-domestic-abuser-and-should-be-canceled,,,,,,,against
MilestonePetitionUpdate,28277407,2020-12-28 19:03:13+00:00,5.0,at-t-boycott-warner-media-and-their-parent-company-at-t,,,,,,,against
MilestonePetitionUpdate,28259813,2020-12-22 21:29:46+00:00,200000.0,warner-brothers-keep-johnny-depp-as-grindelwald,,,,,,,against
MilestonePetitionUpdate,28270407,2020-12-26 12:27:39+00:00,2000.0,amber-heard-queremos-salvar-la-carrera-de-johnny-depp,,,,,,,against
MilestonePetitionUpdate,28253089,2020-12-21 07:31:08+00:00,1500.0,amber-heard-queremos-salvar-la-carrera-de-johnny-depp,,,,,,,against
MilestonePetitionUpdate,28237699,2020-12-17 16:18:00+00:00,1000.0,amber-heard-queremos-salvar-la-carrera-de-johnny-depp,,,,,,,against
MilestonePetitionUpdate,28233431,2020-12-16 21:18:58+00:00,750.0,amber-heard-queremos-salvar-la-carrera-de-johnny-depp,,,,,,,against
MilestonePetitionUpdate,28224523,2020-12-15 12:53:55+00:00,500.0,amber-heard-queremos-salvar-la-carrera-de-johnny-depp,,,,,,,against
MilestonePetitionUpdate,28215456,2020-12-13 20:28:55+00:00,250.0,amber-heard-queremos-salvar-la-carrera-de-johnny-depp,,,,,,,against
MilestonePetitionUpdate,28210680,2020-12-12 19:25:33+00:00,200.0,amber-heard-queremos-salvar-la-carrera-de-johnny-depp,,,,,,,against
MilestonePetitionUpdate,28200644,2020-12-10 22:28:18+00:00,100.0,amber-heard-queremos-salvar-la-carrera-de-johnny-depp,,,,,,,against
MilestonePetitionUpdate,28198086,2020-12-10 14:09:01+00:00,50.0,amber-heard-queremos-salvar-la-carrera-de-johnny-depp,,,,,,,against
MilestonePetitionUpdate,28193496,2020-12-09 18:45:42+00:00,25.0,amber-heard-queremos-salvar-la-carrera-de-johnny-depp,,,,,,,against
MilestonePetitionUpdate,28184194,2020-12-08 02:44:53+00:00,10.0,amber-heard-queremos-salvar-la-carrera-de-johnny-depp,,,,,,,against
MilestonePetitionUpdate,28178275,2020-12-06 22:30:43+00:00,5.0,amber-heard-queremos-salvar-la-carrera-de-johnny-depp,,,,,,,against
